productName,type,category,price,percent,rating,star
Beko Inverter 8 Kg WCV8649XWST,washing machine,Beko,5790000,42,35,4
LG Inverter 10.5 Kg FV1450S3W2,washing machine,LG,12490000,29,113,4
Samsung Inverter 10 Kg WW10TP44DSB/SV,washing machine,Samsung,10990000,37,67,5
Samsung Inverter 10 Kg WW10T634DLX/SV,washing machine,Samsung,10990000,29,188,4
Aqua Inverter 8 Kg AQD-A800F W,washing machine,Aqua,6990000,30,397,4
LG Inverter 11.5 Kg T2351VSAB,washing machine,LG,7690000,18,109,4
Panasonic Inverter Giặt 9.5 Kg - Sấy tiện ích 2 Kg NA-V95FC1LVT,washing machine,Panasonic,12950000,7,97,4
Toshiba Inverter 8.5 Kg TW-BH95S2V WK,washing machine,Toshiba,6990000,13,408,4
Panasonic 8.5 Kg NA-F85A9BRV,washing machine,Panasonic,6790000,0,500,5
Panasonic Inverter 10.5 Kg NA-FD10AR1BV,washing machine,Panasonic,10590000,0,153,5
LG Inverter 10 Kg FV1410S3B,washing machine,LG,14290000,21,235,4
Toshiba 9 Kg AW-K1005FV(SG),washing machine,Toshiba,5890000,14,162,3
Samsung Inverter 10 Kg WA10T5260BY/SV,washing machine,Samsung,6990000,33,95,4
Panasonic 9 Kg NA-F90A9BRV,washing machine,Panasonic,7590000,0,151,5
Panasonic Inverter 170 lít NR-BA190PPVN,fridge,Panasonic,6590000,0,398,5
Aqua Inverter 10.5 Kg AQW-DR105FT BK,washing machine,Aqua,8390000,23,80,4
Samsung Inverter 380 lít RT38K5982BS/SV,fridge,Samsung,15990000,20,176,4
Toshiba 7 Kg AW-L805AV (SG),washing machine,Toshiba,4690000,9,80,4
LG Inverter 635 lít GR-X257JS Mới 2022,fridge,LG,38090000,31,40,5
Samsung Inverter 9.5 Kg WW95TA046AX/SV,washing machine,Samsung,9290000,24,86,4
Samsung Inverter 635 lít RS64R53012C/SV,fridge,Samsung,34790000,22,58,4
LG Inverter 9 Kg FV1409S2V,washing machine,LG,12890000,23,277,4
Samsung Inverter 655 lít RS62R5001M9/SV,fridge,Samsung,19290000,15,363,4
LG Inverter 11 Kg TH2111DSAB,washing machine,LG,9090000,18,175,4
Aqua Inverter 541 lít AQR-S541XA(BL),fridge,Aqua,14490000,29,26,4
LG Inverter 9 Kg T2109VSAB,washing machine,LG,6490000,8,163,4
LG Inverter 635 lít GR-D257WB Mới 2022,fridge,LG,25790000,28,59,5
Panasonic Inverter 11.5 Kg NA-FD11AR1BV,washing machine,Panasonic,11990000,0,208,5
Toshiba Inverter 249 lít GR-RT325WE-PMV(06)-MG,fridge,Toshiba,8290000,17,16,3
Panasonic 10 Kg NA-F100A9BRV,washing machine,Panasonic,8590000,0,48,5
Toshiba Inverter 511 lít GR-RF610WE-PGV(22)-XK,fridge,Toshiba,17490000,27,27,4
Aqua 8.8 Kg AQW-FR88GT.BK,washing machine,Aqua,5990000,25,70,4
Samsung Inverter 488 lít RF48A4010M9/SV,fridge,Samsung,22290000,14,128,4
Electrolux Inverter 10 Kg EWF1024P5SB,washing machine,Electrolux,12790000,24,28,4
Sharp Inverter 401 lít SJ-FXP480V-SL,fridge,Sharp,14990000,21,56,4
Samsung Inverter 10 Kg WW10TA046AE/SV,washing machine,Samsung,10990000,29,77,4
Toshiba Inverter 311 lít GR-RT395WE-PMV(06)-MG,fridge,Toshiba,13090000,0,19,3
Panasonic Inverter 9.5 Kg NA-FD95X1LRV,washing machine,Panasonic,9090000,0,152,5
Aqua Inverter 211 lít AQR-T238FA(FB),fridge,Aqua,5640000,16,24,4
LG Inverter 8.5 Kg FV1408S4W,washing machine,LG,10390000,14,749,4
Sharp Inverter 150 lít SJ-X176E-SL,fridge,Sharp,5090000,15,116,4
Panasonic Inverter 9.5 Kg NA-FD95V1BRV,washing machine,Panasonic,10590000,0,97,5
LG Inverter 266 lít GV-B262WB Mới 2022,fridge,LG,7490000,31,53,5
Aqua Inverter 9 Kg AQD- D902G BK,washing machine,Aqua,9990000,20,13,4
Samsung Inverter 236 lít RT22M4032BY/SV,fridge,Samsung,7390000,21,153,4
Samsung Inverter 10 Kg WA10T5260BV/SV,washing machine,Samsung,7490000,33,22,3
Toshiba Inverter 180 lít GR-B22VU UKG,fridge,Toshiba,4990000,12,282,4
Toshiba Inverter 9.5 Kg TW-BK105S2V(WS),washing machine,Toshiba,8690000,16,147,4
Samsung Inverter 208 lít RT20HAR8DBU/SV,fridge,Samsung,6640000,15,181,4
Aqua Inverter 9 Kg AQD-A902G S Mới 2022,washing machine,Aqua,8290000,27,27,4
Aqua 130 lít AQR-T150FA(BS),fridge,Aqua,4590000,0,93,4
Aqua 9.8 Kg AQW-FR98GT.BK,washing machine,Aqua,5390000,34,54,4
Samsung Inverter 319 lít RT32K5932BY/SV,fridge,Samsung,11490000,23,176,4
Aqua 12 Kg AQW-FW120GT.BK,washing machine,Aqua,6990000,19,65,5
Samsung Inverter 208 lít RT20HAR8DBU/SV,fridge,Samsung,6640000,15,181,4
Aqua Inverter 186 lít AQR-T219FA(PB),fridge,Aqua,5540000,0,67,3
Samsung Inverter 9.5 Kg WW95T4040CE/SV,washing machine,Samsung,8990000,18,57,4
Panasonic Inverter 188 lít NR-BA229PKVN,fridge,Panasonic,6920000,6,482,5
LG Inverter 11 Kg FV1411S3B,washing machine,LG,15490000,27,122,5
Panasonic Inverter 234 lít NR-TV261BPKV,fridge,Panasonic,8490000,5,174,5
LG Inverter 10 Kg FV1410S4P,washing machine,LG,12990000,23,143,4
Aqua Inverter 456 lít AQR-IGW525EM GB,fridge,Aqua,20510000,18,14,4
Casper 7.5 Kg WT-75N70BGA,washing machine,Casper,3990000,0,104,4
LG Inverter 315 lít GN-M312BL,fridge,LG,8940000,25,62,5
Aqua Inverter 9 Kg AQD-A900F S,washing machine,Aqua,8790000,24,79,4
Samsung Inverter 655 lít RS62R5001B4/SV,fridge,Samsung,20890000,16,144,4
Samsung Inverter 8 Kg WW80T3020WW/SV,washing machine,Samsung,6890000,13,42,4
LG Inverter 649 lít GR-B257JDS Mới 2022,fridge,LG,17040000,27,93,5
Samsung Inverter 9 Kg WA90T5260BY/SV,washing machine,Samsung,7090000,17,34,3
Panasonic Inverter 417 lít NR-BX471GPKV,fridge,Panasonic,19270000,5,120,4
Samsung Inverter 9 Kg WW90TP44DSB/SV,washing machine,Samsung,9990000,36,427,4
Samsung Inverter 208 lít RT19M300BGS/SV,fridge,Samsung,6240000,9,531,4
Aqua 10.5 Kg AQW-FR105GT BK,washing machine,Aqua,6690000,20,100,4
Electrolux 94 lít EUM0930AD-VN Mới 2022,fridge,Electrolux,3990000,0,28,4
Panasonic Inverter 12.5 Kg NA-FD125V1BV,washing machine,Panasonic,15090000,0,45,5
Panasonic Inverter 550 lít NR-DZ601VGKV,fridge,Panasonic,35790000,0,25,5
Casper Inverter 9.5 Kg WF-95I140BGB,washing machine,Casper,6990000,6,36,4
Panasonic Inverter 322 lít NR-BC360QKVN,fridge,Panasonic,14680000,9,215,5
Samsung Inverter Giặt 9.5 Kg - Sấy 6 Kg WD95T754DBX/SV,washing machine,Samsung,14490000,12,363,4
Toshiba Inverter 253 lít GR-B31VU SK,fridge,Toshiba,7190000,0,196,4
LG Inverter 15.5 Kg T2555VSAB,washing machine,LG,10090000,19,139,5
LG Inverter 374 lít GN-D372BL,fridge,LG,11960000,27,63,4
Samsung Inverter 10 Kg WW10TP44DSH/SV,washing machine,Samsung,12590000,21,191,4
Panasonic Inverter 255 lít NR-BV280QSVN,fridge,Panasonic,9990000,13,260,5
LG Inverter 10 Kg FV1410S5W,washing machine,LG,12190000,23,140,4
Aqua Inverter 212 lít AQR-T239FA(HB),fridge,Aqua,5990000,0,34,4
Samsung Inverter 9 Kg WW90T3040WW/SV,washing machine,Samsung,7990000,20,9,4
Panasonic Inverter 377 lít NR-BX421GPKV,fridge,Panasonic,17370000,6,98,5
Panasonic Inverter 10.5 Kg NA-FD10VR1BV,washing machine,Panasonic,11990000,0,127,5
Samsung Inverter 488 lít RF48A4000B4/SV,fridge,Samsung,19490000,18,121,4
Sharp Inverter 165 lít SJ-X196E-DSS,fridge,Sharp,5990000,0,77,4
Toshiba Inverter 9.5 Kg TW-BK105S3V(SK),washing machine,Toshiba,9390000,23,51,4
Toshiba Inverter 233 lít GR-A28VM(UKG1),fridge,Toshiba,6590000,12,54,3
Toshiba Inverter 9.5 Kg TW-BL105A4V(SS),washing machine,Toshiba,8790000,16,83,4
Samsung Inverter 307 lít RB30N4190BY/SV,fridge,Samsung,13190000,24,480,4
Panasonic Inverter Giặt 10.5 Kg - Sấy tiện ích 2 Kg NA-V105FC1LV,washing machine,Panasonic,13960000,7,40,5
Sharp Inverter 182 lít SJ-X201E-DS,fridge,Sharp,6390000,0,163,4
Electrolux Inverter 9 Kg EWF9024P5SB,washing machine,Electrolux,11990000,20,12,3
Panasonic Inverter 306 lít NR-TV341VGMV,fridge,Panasonic,12590000,0,135,5
Aqua 10 Kg AQW-FR101GT BK,washing machine,Aqua,6690000,20,39,4
LG Inverter 394 lít GN-D392BLA,fridge,LG,13990000,28,90,5
Toshiba Inverter 10.5 Kg AW-DUK1150HV(MG),washing machine,Toshiba,7990000,12,9,4
Panasonic Inverter 366 lít NR-TL381VGMV,fridge,Panasonic,14490000,9,47,5
Aqua 8 Kg AQW-KS80GT S,washing machine,Aqua,4890000,0,53,4
Aqua Inverter 320 lít AQR-B399MA(WHB),fridge,Aqua,10490000,25,29,4
LG Inverter Giặt 9 Kg - Sấy 5 Kg FV1409G4V,washing machine,LG,16690000,20,224,4
Tủ lạnh LG Inverter 649 Lít GR-B257WB,fridge,Tủ,18890000,25,66,5
Máy giặt Electrolux Inverter 10 kg EWF1024P5WB,washing machine,Electrolux,11790000,26,23,4
LG Inverter 374 lít GN-D372BLA,fridge,LG,10990000,42,53,4
Aqua Inverter 10 Kg AQD- D1002G BK,washing machine,Aqua,12290000,18,15,4
Aqua 50 lít AQR-D59FA(BS),fridge,Aqua,2790000,0,16,4
Panasonic Inverter 234 lít NR-TV261APSV,fridge,Panasonic,8090000,0,117,4
LG Inverter 8.5 Kg FV1408S4V,washing machine,LG,11590000,10,87,4
Panasonic Inverter 326 lít NR-TL351VGMV,fridge,Panasonic,13340000,11,46,5
LG Inverter Giặt 9 Kg - Sấy 5 Kg FV1409G4V,washing machine,LG,16690000,20,224,4
Samsung Inverter 280 lít RB27N4010BU/SV,fridge,Samsung,9690000,23,38,4
Aqua Inverter 10 Kg AQD-A1002G S Mới 2022,washing machine,Aqua,9490000,25,14,4
Panasonic Inverter 268 lít NR-TV301VGMV,fridge,Panasonic,10990000,0,55,5
LG Inverter 11 Kg FV1411S5W,washing machine,LG,12990000,29,44,4
LG Inverter 264 lít GV-D262BL Mới 2022,fridge,LG,8490000,29,41,4
Electrolux Inverter 9 Kg EWF9024P5SB,washing machine,Electrolux,11990000,20,12,3
Sharp Inverter 401 lít SJ-FXP480VG-BK,fridge,Sharp,19690000,0,60,5
Electrolux Inverter 9 Kg EWF9024P5WB,washing machine,Electrolux,10490000,25,12,4
Toshiba Inverter 194 lít GR-A25VM(UKG1),fridge,Toshiba,6340000,0,50,3
Electrolux Inverter 10 Kg EWF1024P5WB,washing machine,Electrolux,11790000,26,23,4
Samsung Inverter 236 lít RT22M4032BU/SV,fridge,Samsung,7190000,25,29,5
Casper 9.5 Kg WT-95N68BGA,washing machine,Casper,4990000,0,22,4
Aqua Inverter 260 lít AQR-I298EB BS,fridge,Aqua,8790000,20,34,4
LG Inverter 11 Kg FV1411S4P,washing machine,LG,12290000,37,24,4
Toshiba Inverter 513 lít GR-RS682WE-PMV(06)-MG,fridge,Toshiba,22590000,13,15,3
Toshiba Inverter 9 Kg AW-DK1000FV(KK),washing machine,Toshiba,8490000,6,69,4
Sharp Inverter 556 lít SJ-FX630V-ST,fridge,Sharp,18690000,6,61,4
Toshiba Inverter 9.5 Kg TW-BK105G4V(MG),washing machine,Toshiba,9990000,9,47,4
Casper Inverter 200 lít RT-215VS Mới 2022,fridge,Casper,6990000,0,8,4
Toshiba 10.5 Kg AW-UK1150HV(SG),washing machine,Toshiba,6690000,15,13,4
Panasonic Inverter 495 lít NR-CW530XMMV Mới 2022,fridge,Panasonic,39990000,0,10,5
Aqua Inverter 10 Kg AQD-A1000G S,washing machine,Aqua,10590000,18,6,4
Samsung Inverter 299 lít RT29K5532BY/SV,fridge,Samsung,9390000,26,31,3
Beko 93 lít RS9051P,fridge,Beko,2990000,11,27,3
Toshiba Inverter 8.5 Kg TW-BL95A4V(SS),washing machine,Toshiba,8390000,7,7,4
LG Inverter 335 lít GN-M332BL,fridge,LG,9540000,31,59,4
LG Inverter 9 Kg FV1409S4W,washing machine,LG,11490000,17,257,4
Aqua Inverter 480 lít AQR-S480XA(SG),fridge,Aqua,13990000,15,9,4
Samsung Inverter 12 Kg WA12T5360BY/SV,washing machine,Samsung,9290000,28,6,4
Casper 185 lít RT-200VS Mới 2022,fridge,Casper,6390000,0,17,4
Panasonic Inverter Giặt 9 Kg - Sấy 6 Kg NA-S96FC1LVT,washing machine,Panasonic,15750000,7,13,5
Samsung Inverter 360 lít RT35K5982BS/SV,fridge,Samsung,14090000,28,319,4
Samsung Inverter 11 Kg WA11T5260BV/SV,washing machine,Samsung,8790000,27,4,4
Aqua Inverter 245 lít AQR-T259FA(FB),fridge,Aqua,6490000,15,11,5
LG Inverter 10.5 Kg T2350VSAB,washing machine,LG,7590000,5,93,4
Toshiba Inverter 337 lít GR-RT435WE-PMV(06)-MG,fridge,Toshiba,12290000,13,20,4
Panasonic Inverter Giặt 10 Kg - Sấy 6 Kg NA-S106FC1LV,washing machine,Panasonic,17990000,0,13,5
Aqua Inverter 312 lít AQR-T359MA(GB),fridge,Aqua,10290000,14,33,3
Aqua Inverter 11 Kg AQD- D1102G BK,washing machine,Aqua,11890000,33,11,4
Panasonic Inverter 366 lít NR-TL381GPKV,fridge,Panasonic,15490000,0,54,5
Samsung Inverter 12 Kg WA12T5360BV/SV,washing machine,Samsung,9690000,27,14,4
Samsung Inverter 322 lít RT32K503JB1/SV Mới 2022,fridge,Samsung,9540000,17,88,4
Toshiba 9 Kg AW-K1000FV(WW),washing machine,Toshiba,4990000,28,32,4
Panasonic Inverter 322 lít NR-BC360WKVN,fridge,Panasonic,17290000,0,56,5
Toshiba 9 Kg M1000FV(MK) Mới 2022,washing machine,Toshiba,6690000,0,1,4
Sharp Inverter 605 lít SJ-FX688VG-BK,fridge,Sharp,28190000,0,11,3
LG Inverter 13 Kg T2313VSAB,washing machine,LG,8890000,26,141,4
Panasonic Inverter 326 lít NR-TL351GPKV,fridge,Panasonic,13990000,0,41,5
Samsung Inverter Giặt 11 Kg - Sấy 7 Kg WD11T734DBX/SV,washing machine,Samsung,17690000,16,95,4
Aqua Inverter 456 lít AQR-M525XA(FB) Mới 2022,fridge,Aqua,15990000,11,11,4
Casper Inverter 8.5 Kg WF-85I140BGB,washing machine,Casper,6290000,7,13,3
LG Inverter 314 lít GN-D312BL,fridge,LG,9390000,27,55,4
Electrolux Inverter 8 Kg EWF8024P5WB,washing machine,Electrolux,8990000,25,8,4
LG Inverter 635 lít GR-X257MC Mới 2022,fridge,LG,45490000,20,51,5
Sharp 8.2 Kg ES-W82GV-H,washing machine,Sharp,5290000,0,14,3
Aqua Inverter 456 lít AQR-IG525AM GB,fridge,Aqua,19490000,8,78,4
Samsung Inverter 16 Kg WA16R6380BV/SV,washing machine,Samsung,13390000,10,6,4
Samsung Inverter 276 lít RB27N4170BU/SV,fridge,Samsung,10490000,22,14,4
Toshiba 8 Kg AW-K905DV(SG),washing machine,Toshiba,5290000,18,52,4
Sharp Inverter 287 lít SJ-X316E-DS,fridge,Sharp,8590000,0,25,4
Toshiba Inverter 10.5 Kg TW-BK115G4V (MG),washing machine,Toshiba,11990000,8,21,4
Sharp Inverter 572 lít SJ-FXP640VG-BK,fridge,Sharp,29090000,5,8,4
Panasonic Inverter Giặt 10.5 Kg - Sấy tiện ích 2 Kg NA-V105FR1BV,washing machine,Panasonic,16590000,0,16,4
Panasonic Inverter 405 lít NR-TX461GPKV,fridge,Panasonic,15310000,12,32,4
Panasonic Inverter 322 lít NR-BV360GKVN,fridge,Panasonic,17490000,0,65,5
Aqua Inverter 9 Kg AQD-A900F W,washing machine,Aqua,7990000,27,7,5
Panasonic Inverter 290 lít NR-BV320GKVN,fridge,Panasonic,15990000,0,33,5
Samsung Inverter 13 Kg WW13T504DAB/SV Mới 2022,washing machine,Samsung,15990000,24,5,4
Hitachi Inverter 569 lít R-WB640PGV1 GMG,fridge,Hitachi,33890000,0,5,4
Electrolux Inverter 8 Kg EWF8024P5SB,washing machine,Electrolux,10490000,19,11,3
Samsung Inverter 276 lít RB27N4190BU/SV,fridge,Samsung,12190000,16,18,5
Samsung Inverter 13 Kg WW13T504DAW/SV Mới 2022,washing machine,Samsung,13990000,27,5,4
Panasonic Inverter 290 lít NR-BV320WKVN,fridge,Panasonic,15690000,0,56,5
Panasonic Inverter Giặt 9.5 Kg - Sấy tiện ích 2 Kg NA-V95FR1BVT,washing machine,Panasonic,15590000,0,9,5
LG Inverter 635 lít GR-D257MC Mới 2022,fridge,LG,34140000,16,43,5
Samsung Inverter 9 Kg WW90T634DLN/SV,washing machine,Samsung,11490000,23,79,4
Electrolux 94 lít EUM0930BD-VN Mới 2022,fridge,Electrolux,3990000,0,8,4
Aqua Inverter 10.5 Kg AQD-D1050F.S,washing machine,Aqua,9440000,30,96,4
Toshiba Inverter 407 lít GR-RT535WE-PMV(06)-MG,fridge,Toshiba,14490000,15,7,4
Samsung Inverter 9 Kg WW90T634DLN/SV,washing machine,Samsung,11490000,23,79,4
LG Inverter 635 lít GR-D257JS Mới 2022,fridge,LG,32240000,17,40,5
Samsung Inverter 12 Kg WW12TP94DSB/SV,washing machine,Samsung,17490000,22,85,4
Samsung Inverter 360 lít RT35K50822C/SV,fridge,Samsung,14290000,26,12,3
Panasonic Inverter Giặt 9.5 Kg - Sấy tiện ích 2 Kg NA-V95FR1BVT,washing machine,Panasonic,15590000,0,9,5
Sharp Inverter 253 lít SJ-X281E-DS,fridge,Sharp,7490000,0,92,4
LG Inverter Giặt 10.5 Kg - Sấy 7 Kg FV1450H2B,washing machine,LG,23400000,14,90,4
Sharp Inverter 224 lít SJ-X251E-SL,fridge,Sharp,6990000,0,35,4
Samsung Inverter 310 lít RB30N4010BU/SV,fridge,Samsung,11890000,26,8,4
Electrolux Inverter Giặt 10 Kg - Sấy 7 Kg EWW1024P5WB,washing machine,Electrolux,17990000,18,6,4
Hitachi Inverter 569 lít R-WB640VGV0 GBK,fridge,Hitachi,40490000,0,6,4
Electrolux Inverter 8 Kg EWF8024P5SB,washing machine,Electrolux,10490000,19,11,3
Sharp Inverter 525 lít SJ-FX600V-SL,fridge,Sharp,25290000,5,3,4
Panasonic Inverter Giặt 10.5 Kg - Sấy tiện ích 2 Kg NA-V105FR1BV,washing machine,Panasonic,16590000,0,16,4
Sharp Inverter 525 lít SJ-FX600V-SL,fridge,Sharp,25290000,5,3,4
Panasonic Inverter 9 Kg NA-V90FX1LVT,washing machine,Panasonic,10840000,28,132,5
Samsung Inverter 616 lít RS64T5F01B4/SV,fridge,Samsung,50610000,14,38,4
Aqua 9 Kg AQW-S90CT S Mới 2022,washing machine,Aqua,4590000,20,6,4
Panasonic Inverter Giặt 9.5 Kg - Sấy 6 Kg NA-S956FR1BV,washing machine,Panasonic,19090000,0,16,5
Samsung Inverter 380 lít RT38K50822C/SV,fridge,Samsung,14440000,28,15,4
Samsung Inverter 302 lít RT29K503JB1/SV Mới 2022,fridge,Samsung,8940000,18,6,4
LG Inverter 13 Kg FV1413S3WA,washing machine,LG,15990000,38,75,4
Aqua Inverter 283 lít AQR-T299FA(FB),fridge,Aqua,7590000,11,9,4
Beko Inverter 10 Kg WCV10648XSTM,washing machine,Beko,9990000,25,7,5
Sharp Inverter 401 lít SJ-FXP480VG-CH,fridge,Sharp,20390000,0,33,4
Toshiba Inverter 10.5 Kg TW-BL115A2V(SS),washing machine,Toshiba,10990000,9,5,4
Sharp Inverter 525 lít SJ-FXP600VG-BK,fridge,Sharp,28090000,5,10,4
Aqua Inverter 9 Kg AQD-A900F W,washing machine,Aqua,7990000,27,7,5
Samsung Inverter 319 lít RT32K5932BU/SV,fridge,Samsung,11390000,25,6,4
LG Inverter Giặt 15 Kg - Sấy 8 Kg F2515RTGB Mới 2022,washing machine,LG,22990000,25,28,4
Panasonic Inverter 540 lít NR-YW590YMMV,fridge,Panasonic,59990000,0,16,5
Samsung Inverter 13 Kg WW13T504DAW/SV Mới 2022,washing machine,Samsung,13990000,27,5,4
Samsung Inverter 307 lít RB30N4190BU/SV,fridge,Samsung,14490000,18,8,4
Aqua 9 Kg AQW-F91GT S Mới 2022,washing machine,Aqua,5890000,0,6,4
Aqua Inverter 292 lít AQR-B348MA(FB),fridge,Aqua,10290000,14,10,4
Panasonic Inverter 14 Kg NA-FD14V1BRV,washing machine,Panasonic,17090000,0,16,5
Toshiba Inverter 322 lít GR-RB405WE-PMV(06)-MG,fridge,Toshiba,12990000,23,5,4
Sharp 10.2 Kg ES-W102PV-H,washing machine,Sharp,6490000,0,4,5
LG Inverter 494 lít GR-D22MB,fridge,LG,34990000,22,41,5
Panasonic Inverter 16 Kg NA-FD16V1BRV,washing machine,Panasonic,20090000,0,15,5
Samsung Inverter 488 lít RF48A4010B4/SV,fridge,Samsung,24290000,13,119,4
Tủ chăm sóc quần áo thông minh LG Inverter 6.5 Kg Styler S5MB,washing machine,LG,43090000,33,11,4
LG Inverter Giặt 13 Kg - Sấy 8 Kg FV1413H3BA,washing machine,LG,20790000,28,90,4
Beko Inverter 340 lít RDNT371I50VK,fridge,Beko,9190000,16,15,5
Panasonic Inverter 550 lít NR-DZ601YGKV,fridge,Panasonic,40790000,0,6,5
Beko Inverter 10 Kg WCV10614XB0STM,washing machine,Beko,7990000,36,5,5
Casper Inverter 258 lít RT-270VD Mới 2022,fridge,Casper,7990000,0,11,4
Panasonic Inverter 9.5 Kg NA-V95FX2BVT,washing machine,Panasonic,11840000,28,75,5
Beko Inverter 250 lít RDNT271I50VWB,fridge,Beko,6690000,16,140,4
Samsung Inverter Giặt 21 Kg - Sấy 12 Kg WD21T6500GV/SV,washing machine,Samsung,33290000,0,3,3
Toshiba Inverter 509 lít GR-RF605WI-PMV(06)-MG,fridge,Toshiba,24990000,0,8,5
LG Inverter 15 Kg F2515STGW,washing machine,LG,19790000,26,73,4
Sharp Inverter 362 lít SJ-FX420VG-BK Mới 2022,fridge,Sharp,18090000,0,1,5
Aqua Inverter 12 Kg AQW-DR120CT S,washing machine,Aqua,9990000,9,7,2
Sharp Inverter 572 lít SJ-FX640V-SL,fridge,Sharp,26290000,5,5,4
Aqua Inverter 9 Kg AQD-D900F S,washing machine,Aqua,8390000,30,33,3
Beko Inverter 189 lít RDNT201I50VK Mới 2022,fridge,Beko,6190000,11,8,5
Máy giặt Electrolux Inverter 10 kg EWF1024BDWA,washing machine,Electrolux,10990000,17,1198,5
Hitachi Inverter 509 lít R-FW650PGV8 GBK,fridge,Hitachi,23490000,0,9,4
LG Inverter 19 Kg TH2519SSAK,washing machine,LG,16790000,6,36,4
Toshiba Inverter 596 lít GR-RS780WI-PGV(22)-XK Mới 2022,fridge,Toshiba,25990000,13,5,4
Panasonic Inverter 11.5 Kg NA-FD11VR1BV,washing machine,Panasonic,11790000,10,25,5
Aqua Inverter 324 lít AQR-IG378EB GB,fridge,Aqua,12690000,14,8,3
LG Inverter 13 Kg TH2113SSAK,washing machine,LG,10990000,19,18,5
Samsung Inverter 635 lít RS64R5301B4/SV,fridge,Samsung,31990000,19,59,4
Sharp 9.5 Kg ES-W95HV-S,washing machine,Sharp,6190000,0,6,5
Beko Inverter 375 lít RDNT401E50VZDK,fridge,Beko,12490000,26,14,5
Electrolux Inverter 10 Kg EWF1042R7SB,washing machine,Electrolux,16490000,13,4,4
Hitachi Inverter 339 lít R-FVX450PGV9 GBK,fridge,Hitachi,14290000,5,3,5
LG Inverter Giặt 15 Kg - Sấy 8 Kg F2515RTGW,washing machine,LG,25190000,16,31,4
LG Inverter 496 lít GR-X22MB,fridge,LG,45490000,17,30,4
Whirlpool 9.5 Kg VWVC9502FS Mới 2022,washing machine,Whirlpool,5430000,32,2,5
Beko Inverter 230 lít RDNT251I50VWB,fridge,Beko,6450000,11,37,4
Samsung Inverter Giặt 14 Kg - Sấy 8 Kg WD14TP44DSB/SV,washing machine,Samsung,21790000,15,13,4
Aqua Inverter 549 lít AQR-IG636FM(GB),fridge,Aqua,25190000,0,8,5
Casper Inverter 10.5 Kg WF-105I150BGB,washing machine,Casper,7990000,5,5,3
Electrolux Inverter 541 lít EQE6000A-B,fridge,Electrolux,23990000,7,4,4
Panasonic Inverter 325 lít NR-BV361WGKV Mới 2022,fridge,Panasonic,18590000,0,0,0
Electrolux Inverter Giặt 11 Kg - Sấy 7 Kg EWW1142Q7WB,washing machine,Electrolux,19590000,24,4,3
Beko Inverter 553 lít GNO51651GBVN Mới 2022,fridge,Beko,25490000,0,4,4
Beko Inverter 9 Kg WCV9614XB0STM,washing machine,Beko,6990000,33,4,4
Samsung Inverter 256 lít RT25M4032BU/SV,fridge,Samsung,8690000,22,6,4
Panasonic Inverter Giặt 10.5 Kg - Sấy 6 Kg NA-S056FR1BV,washing machine,Panasonic,20090000,0,8,4
Toshiba Inverter 270 lít GR-RB350WE-PMV(30)-BS,fridge,Toshiba,8990000,22,14,4
Panasonic Inverter 10 Kg NA-V10FX1LVT,washing machine,Panasonic,11840000,28,63,4
Hitachi Inverter 275 lít R-B330PGV8 BSL,fridge,Hitachi,11490000,0,6,5
Aqua Inverter 10 Kg AQW-DR100ET S,washing machine,Aqua,6190000,26,195,4
Aqua Inverter 347 lít AQR-T389FA(WGB),fridge,Aqua,10790000,13,10,4
Toshiba Inverter 9 Kg AW-DJ1000CV SK,washing machine,Toshiba,6290000,29,69,4
Hitachi Inverter 349 lít R-FVY480PGV0 GBK,fridge,Hitachi,17190000,0,5,4
Aqua Inverter Giặt 10 Kg - Sấy 6 Kg AQD-AH1000G.PS,washing machine,Aqua,14990000,28,3,5
Toshiba Inverter 608 lít GR-AG66VA (XK),fridge,Toshiba,20490000,0,30,4
Sharp Inverter 9.5 Kg ES-FK954SV-G,washing machine,Sharp,11290000,9,2,5
Toshiba Inverter 325 lít GR-RB410WE-PMV(37)-SG,fridge,Toshiba,11490000,24,7,4
Beko Inverter 8 Kg WCV8614XB0STS,washing machine,Beko,6490000,23,6,4
Beko Inverter 340 lít RDNT371E50VZGB,fridge,Beko,11390000,12,6,5
Beko Inverter 9 Kg WCV9612XB0ST,washing machine,Beko,6290000,38,76,4
Beko Inverter 188 lít RDNT200I50VS,fridge,Beko,5690000,0,854,4
Toshiba Inverter 268 lít GR-RB345WE-PMV(30)-BS,fridge,Toshiba,9090000,0,12,3
Aqua Inverter 10 Kg AQD-A1000G W,washing machine,Aqua,7990000,34,4,5
Samsung Inverter 599 lít RF60A91R177/SV,fridge,Samsung,76900000,7,17,5
Electrolux Inverter 10 Kg EWF1042Q7WB,washing machine,Electrolux,15990000,11,3,5
Aqua Inverter 524 lít AQR-SW541XA(BL),fridge,Aqua,16190000,24,5,5
LG Inverter 22 Kg TH2722SSAK,washing machine,LG,18490000,13,20,5
Samsung Inverter 460 lít RT46K603JB1/SV Mới 2022,fridge,Samsung,14390000,15,4,3
Sharp 10 Kg ES-W100PV-H,washing machine,Sharp,6390000,0,4,4
Aqua Inverter 602 lít AQR-IG696FS GB,fridge,Aqua,20100000,19,2,3
Panasonic Inverter 10.5 Kg NA-V105FX2BV,washing machine,Panasonic,12990000,28,64,5
Aqua Inverter 260 lít AQR-I298EB SW,fridge,Aqua,6990000,29,3,4
Whirlpool Inverter Giặt 10.5 Kg - Sấy 7 Kg WWEB10702FW,washing machine,Whirlpool,15740000,5,1,4
Aqua Inverter 318 lít AQR-T369FA (WBS),fridge,Aqua,7790000,27,6,3
Aqua Inverter 13 Kg AQW- DR130UGT PS,washing machine,Aqua,12990000,18,4,5
Electrolux Inverter 308 lít EBB3462K-H,fridge,Electrolux,14090000,18,23,5
Tủ chăm sóc quần áo thông minh Samsung Inverter 10 Kg DF10A9500CG/SV,washing machine,Samsung,46500000,0,1,5
Casper Inverter 550 lít RS-570VBW Mới 2022,fridge,Casper,16490000,0,6,4
Whirlpool Inverter 9 Kg FWEB9002FW Mới 2022,washing machine,Whirlpool,7890000,29,2,4
Aqua Inverter 324 lít AQR-B379MA(WGB),fridge,Aqua,13890000,13,7,4
Samsung Inverter Giặt 12 Kg - Sấy 8 Kg WD12TP34DSX/SV,washing machine,Samsung,18590000,17,4,3
Electrolux Inverter 308 lít EBB3442K-H,fridge,Electrolux,9990000,36,29,5
Electrolux Inverter 11 Kg EWF1141R9SB,washing machine,Electrolux,23990000,7,1,3
Beko Inverter 375 lít RDNT401I50VK,fridge,Beko,10490000,18,9,4
Sharp Inverter 9.5 Kg ES-X95HV-S,washing machine,Sharp,7490000,5,4,4
Aqua Inverter 235 lít AQR-IG248EN (GB),fridge,Aqua,6690000,15,30,3
Sharp Inverter 10.5 Kg ES-FK1054PV-S,washing machine,Sharp,11890000,23,1,3
Electrolux Inverter 341 lít ETB3760K-H,fridge,Electrolux,11990000,26,14,4
Sharp 11 Kg ES-W110HV-S,washing machine,Sharp,6990000,0,5,4
LG Inverter 305 lít GR-D305MC,fridge,LG,11390000,29,80,5
Tủ chăm sóc quần áo thông minh LG Inverter 5.2 Kg Styler S3RF,washing machine,LG,31490000,37,10,4
Casper Inverter 552 lít RS-570VT Mới 2022,fridge,Casper,14990000,0,3,4
Electrolux Inverter 9 Kg EWF9042Q7WB,washing machine,Electrolux,12590000,21,0,0
Casper Inverter 462 lít RM-520VT Mới 2022,fridge,Casper,16490000,0,7,4
Toshiba 9 Kg M1000FV(MK) Mới 2022,washing machine,Toshiba,6690000,0,1,4
Electrolux Inverter 312 lít ETB3440K-H,fridge,Electrolux,9990000,28,16,5
Samsung Inverter 8.5 Kg WW85T554DAX/SV,washing machine,Samsung,11770000,11,25,4
Casper Inverter 462 lít RM-520VT Mới 2022,fridge,Casper,16490000,0,7,4
Electrolux Inverter 9 Kg EWF9042R7SB,washing machine,Electrolux,14690000,13,2,3
Hitachi Inverter 573 lít R-SX800GPGV0 GBK,fridge,Hitachi,54890000,0,2,4
Whirlpool Inverter 10.5 Kg FWMD10502FG Mới 2022,washing machine,Whirlpool,17190000,0,3,4
Beko Inverter 422 lít RDNT470I50VK,fridge,Beko,9690000,35,7,5
Sharp Inverter 10.5 Kg ES-FK1054SV-G,washing machine,Sharp,10690000,20,0,0
Beko Inverter 553 lít GNO51651KVN Mới 2022,fridge,Beko,18490000,22,5,5
Whirlpool Inverter 9 Kg FFB9458WV EE Mới 2022,washing machine,Whirlpool,12090000,0,1,5
Aqua Inverter Giặt 15 Kg - Sấy 10 Kg AQD-DH1500G PP,washing machine,Aqua,32990000,8,0,0
Beko Inverter 323 lít RCNT340I50VZK,fridge,Beko,10010000,17,15,4
Aqua Inverter 333 lít AQR-T352FA(FB) Mới 2022,fridge,Aqua,9190000,7,0,0
Whirlpool Inverter 8 Kg FWEB8002FG Mới 2022,washing machine,Whirlpool,8590000,14,0,0
Sharp Inverter 525 lít SJ-FXP600VG-MR,fridge,Sharp,29690000,14,5,4
Electrolux Inverter 11 Kg EWF1142Q7WB,washing machine,Electrolux,18190000,9,3,5
Hitachi Inverter 569 lít R-WB640PGV1 GCK,fridge,Hitachi,33890000,0,0,0
Whirlpool Inverter 9 Kg FWEB9002FG Mới 2022,washing machine,Whirlpool,10390000,16,0,0
Electrolux Inverter 619 lít ESE6645A-BVN,fridge,Electrolux,28990000,27,3,3
Whirlpool Inverter 8 Kg FWEB8002FW Mới 2022,washing machine,Whirlpool,7690000,16,1,4
Samsung Inverter 323 lít RZ32T744535/SV,fridge,Samsung,23900000,11,4,4
Aqua Inverter 15 Kg AQW- DR150UGT PS,washing machine,Aqua,13990000,22,0,0
Whirlpool 10.5 Kg VWVC10502FS Mới 2022,washing machine,Whirlpool,9090000,0,0,0
Electrolux Inverter 609 lít EQE6879A-B Mới 2022,fridge,Electrolux,46990000,6,0,0
Whirlpool Inverter Giặt 10.5 Kg - Sấy 7 Kg WWEB10702FG,washing machine,Whirlpool,16690000,5,0,0
Panasonic Inverter 491 lít NR-F503GT-X2,fridge,Panasonic,69990000,0,9,5
Aqua Inverter 10 Kg AQD- DD1002G.BK Mới 2022,washing machine,Aqua,13490000,16,0,0
Beko Inverter 622 lít GNO62251GBVN Mới 2022,fridge,Beko,21390000,15,0,0
LG Inverter 11 Kg TH2111SSAB,washing machine,LG,10290000,17,21,4
Samsung Inverter 339 lít RB33T307055/SV,fridge,Samsung,29000000,11,17,4
Sharp Inverter 12.5 Kg ES-FK1252SV-G,washing machine,Sharp,13790000,0,3,4
Electrolux Inverter 571 lít ESE6141A-BVN,fridge,Electrolux,23990000,20,2,5
Electrolux Inverter 14 Kg EWT1474M7SA Mới 2022,washing machine,Electrolux,16690000,0,0,0
LG Inverter 613 lít GR-B247WB,fridge,LG,20190000,12,78,4
Electrolux Inverter 10 Kg EWT1074M5SA Mới 2022,washing machine,Electrolux,10190000,0,1,4
Electrolux Inverter 335 lít EBB3742K-H,fridge,Electrolux,10990000,34,7,5
Whirlpool Inverter Giặt 9.5 kg - Sấy 7 kg WWEB95702FG,washing machine,Whirlpool,15540000,5,0,0
LG Inverter 601 lít GR-X247JS,fridge,LG,43990000,16,63,5
Aqua Inverter 12 Kg AQD-A1200H PS Mới 2022,washing machine,Aqua,12990000,31,3,3
Hitachi Inverter 540 lít R-HW540RV(X) Mới 2022,fridge,Hitachi,66900000,0,0,0
Whirlpool Inverter 10.5 Kg FWEB10502FW Mới 2022,washing machine,Whirlpool,10820000,19,0,0
Aqua Inverter 260 lít AQR-B306MA(HB) Mới 2022,fridge,Aqua,9590000,16,0,0
Electrolux Inverter 11 Kg EWF1141SESA,washing machine,Electrolux,26490000,0,22,4
Electrolux Inverter 335 lít EBB3702K-H,fridge,Electrolux,13690000,13,0,0
Tủ chăm sóc quần áo thông minh Samsung Inverter 6 Kg DF60A8500EG/SV,washing machine,Samsung,38000000,7,0,0
Samsung Inverter 339 lít RB33T307029/SV,fridge,Samsung,29000000,11,2,5
LG Inverter Giặt 10 Kg - Sấy 6 Kg FV1410D4P Mới 2022,washing machine,LG,19190000,13,0,0
Aqua Inverter 357 lít AQR-T376FA(FB) Mới 2022,fridge,Aqua,10490000,7,1,1
Toshiba 10 Kg AW-M1100PV(MK) Mới 2022,washing machine,Toshiba,7290000,7,0,0
Aqua Inverter 480 lít AQR-S480XA(BL),fridge,Aqua,15190000,10,0,0
LG Inverter Giặt 11 Kg - Sấy 7 Kg FV1411H3BA Mới 2022,washing machine,LG,22690000,16,0,0
LG Inverter 530 lít GR-B53MB Mới 2022,fridge,LG,24200000,16,0,0
Aqua Inverter 10 Kg AQD- DD1001G PS,washing machine,Aqua,14090000,15,1,5
LG Inverter 601 lít GR-D247MC,fridge,LG,33990000,16,16,4
Whirlpool Inverter 8 Kg FFB8458WV EU Mới 2022,washing machine,Whirlpool,9990000,0,2,4
Sharp Inverter 560 lít SJ-XP620PG-BK,fridge,Sharp,20490000,0,1,4
Whirlpool Inverter 10.5 Kg FWEB10502FG Mới 2022,washing machine,Whirlpool,15590000,0,0,0
LG Inverter 601 lít GR-D247JDS,fridge,LG,31180000,10,39,5
Beko Inverter 9 Kg WCV9749XMST,washing machine,Beko,8090000,37,7,4
Electrolux Inverter 341 lít ETB3740K-H,fridge,Electrolux,12890000,13,5,5
Aqua Inverter 10.5 Kg AQD-DD1050E S,washing machine,Aqua,10490000,30,3,4
Sharp Inverter 572 lít SJ-FXP640VG-MR,fridge,Sharp,30890000,13,2,4
TCL 10 Kg TWA100-B302GM,washing machine,TCL,5190000,5,8,4
Casper Inverter 238 lít RT-250VD Mới 2022,fridge,Casper,7130000,6,0,0
Electrolux Inverter 11 Kg EWF1142R7SB,washing machine,Electrolux,19790000,5,0,0
LG Inverter 393 lít GN-D422BL,fridge,LG,11990000,13,9,4
Electrolux Inverter 11 Kg EWF1142BEWA,washing machine,Electrolux,13990000,30,75,5
LG Inverter 601 lít GR-X247MC,fridge,LG,45990000,16,29,5
LG Inverter 12 Kg TH2112SSAV,washing machine,LG,9290000,28,28,4
Sharp Inverter 520 lít SJ-XP570PG-MR,fridge,Sharp,19990000,0,2,4
Electrolux Inverter Giặt 8 Kg - Sấy 5 Kg EWW8023AEWA,washing machine,Electrolux,12990000,20,87,5
Casper Inverter 300 lít RB-320VT Mới 2022,fridge,Casper,12190000,0,0,0
Sharp Inverter 12.5 Kg ES-FK1252PV-S,washing machine,Sharp,12590000,23,0,0
LG Inverter 655 lít GR-Q257MC Mới 2022,fridge,LG,41990000,0,0,0
Bosch 9 Kg WAV28L40SG,washing machine,Bosch,52130000,0,0,0
LG Inverter 530 lít GR-B53PS Mới 2022,fridge,LG,27990000,0,0,0
Tủ chăm sóc quần áo thông minh LG Inverter 5.2 Kg S3MFC,washing machine,LG,55000000,0,0,0
Samsung Inverter 678 lít RB33T307029/SV,fridge,Samsung,65800000,0,0,0
Bosch Giặt 10 Kg - Sấy 6 Kg WNA254U0SG,washing machine,Bosch,40170000,0,0,0
Electrolux Inverter 341 lít ETB3740K-A,fridge,Electrolux,12690000,8,0,0
Whirlpool Inverter 11.5 Kg VWIID11502FG Mới 2022,washing machine,Whirlpool,12440000,0,0,0
Samsung Inverter 662 lít RZ32T744535/SV & RB33T307055/SV,fridge,Samsung,59800000,0,0,0
Whirlpool 9.5 Kg VWVC9502FW Mới 2022,washing machine,Whirlpool,6990000,0,0,0
Electrolux Inverter 312 lít ETB3440K-A,fridge,Electrolux,11690000,9,0,0
Whirlpool 8.5 Kg VWVC8502FW Mới 2022,washing machine,Whirlpool,6190000,0,0,0
Electrolux Inverter 335 lít EBB3702K-A,fridge,Electrolux,13090000,11,0,0
Whirlpool Inverter 9.5 Kg VWVD9502FG Mới 2022,washing machine,Whirlpool,10090000,0,0,0
Electrolux Inverter 335 lít EBB3742K-A,fridge,Electrolux,13990000,11,0,0
Máy giặt TWINWash mini LG Inverter 2.5 Kg TV2402NTWB,washing machine,LG,16290000,0,0,0
Bosch 10 Kg WAX32M40SG,washing machine,Bosch,46390000,0,0,0
Electrolux Inverter 624 lít ESE6600A-BVN Mới 2022,fridge,Electrolux,22990000,8,0,0
Bosch Giặt 9 Kg - Sấy 6 Kg WNA14400SG,washing machine,Bosch,32520000,0,0,0
Samsung Inverter 678 lít RB33T307029/SV,fridge,Samsung,65800000,0,0,0
Máy giặt TWINWash mini LG Inverter 2.5 Kg TV2402NTWW,washing machine,LG,15790000,0,0,0
Electrolux Inverter 341 lít ETB3740K-A,fridge,Electrolux,12690000,8,0,0
LG Inverter Giặt 21 kg - Sấy 16 kg WT2116SHEG,washing machine,LG,65190000,13,0,0
Electrolux Inverter 308 lít EBB3402K-H,fridge,Electrolux,12990000,12,0,0
Electrolux Inverter 12 Kg EWT1274M7SA Mới 2022,washing machine,Electrolux,14690000,0,0,0
Hitachi Inverter 366 lít R-FVX480PGV9 MIR,fridge,Hitachi,16200000,5,0,0
Toshiba Inverter 12 Kg AW-DUM1300KV(MG) Mới 2022,washing machine,Toshiba,11690000,10,0,0
Hitachi Inverter 406 lít R-FVX510PGV9 MIR,fridge,Hitachi,17200000,0,0,0
LG Inverter Giặt 11 Kg - Sấy 7 Kg FV1411D4W Mới 2022,washing machine,LG,20690000,17,0,0
Electrolux Inverter 308 lít EBB3402K-A,fridge,Electrolux,12390000,10,0,0
Toshiba Inverter 10 Kg AW-DUM1100JV(SG) Mới 2022,washing machine,Toshiba,9890000,6,0,0
Electrolux Inverter 308 lít EBB3442K-A,fridge,Electrolux,13090000,11,0,0
Hitachi Inverter 366 lít R-FVX480PGV9 GBK,fridge,Hitachi,15200000,0,0,0
Toshiba Inverter 10 Kg AW-DM1100PV(KK) Mới 2022,washing machine,Toshiba,8590000,8,0,0
Hitachi Inverter 540 lít R-FW690PGV7 GBK,fridge,Hitachi,30500000,0,0,0
Whirlpool Inverter 10 Kg VWIID1002FG Mới 2022,washing machine,Whirlpool,10990000,0,0,0
Hitachi Inverter 540 lít R-FW690PGV7X GBK,fridge,Hitachi,33500000,0,0,0
Whirlpool Inverter 10.5 Kg VWVD10502FG Mới 2022,washing machine,Whirlpool,11190000,0,0,0
Whirlpool 8.5 Kg VWVC8502FS Mới 2022,washing machine,Whirlpool,7140000,0,0,0
Electrolux Inverter 624 lít ESE6600A-AVN Mới 2022,fridge,Electrolux,21190000,7,0,0
Samsung Inverter 678 lít RB33T307055/SV,fridge,Samsung,65800000,0,0,0
Samsung Inverter 678 lít RB33T307055/SV & RB33T307029/SV,fridge,Samsung,65800000,0,0,0
Electrolux Inverter 312 lít ETB3460K-H,fridge,Electrolux,13990000,9,0,0
Electrolux Inverter 253 lít EBB2802K-H,fridge,Electrolux,10090000,5,0,0
Samsung Inverter 678 lít RB33T307055/SV,fridge,Samsung,65800000,0,0,0
Samsung Inverter 678 lít RB33T307055/SV & RB33T307029/SV,fridge,Samsung,65800000,0,0,0
Electrolux Inverter 312 lít ETB3460K-H,fridge,Electrolux,13990000,9,0,0
Electrolux Inverter 253 lít EBB2802K-H,fridge,Electrolux,10090000,5,0,0
Hitachi Inverter 406 lít R-FVX510PGV9 GBK,fridge,Hitachi,16200000,5,0,0
Hitachi Inverter 569 lít R-MX800GVGV0 GBK,fridge,Hitachi,62500000,0,0,0
Hitachi Inverter 569 lít R-WB640VGV0X,fridge,Hitachi,49900000,0,0,0
Samsung Smart TV Crystal UHD UA65AU8100,Tivi,Samsung,16200000,0,75,4
LG Smart TV NanoCell 65NANO76SQA Mới 2022,Tivi,LG,18950000,36,10,4
TCL Google TV 65P635 Mới 2022,Tivi,TCL,12170000,35,6,4
Sony Android TV KD-43X85J,Tivi,Sony,16200000,11,15,4
Casper Android TV 50UG6100,Tivi,Casper,7990000,34,100,4
Samsung Smart TV QLED Khung tranh QA55LS03A,Tivi,Samsung,23200000,31,25,4
LG Smart TV NanoCell 43NANO75TPA,Tivi,LG,10320000,38,69,4
Samsung Smart TV QLED QA55Q65A,Tivi,Samsung,15200000,0,109,4
TCL Android TV L43S5200,Tivi,TCL,5990000,25,106,4
Samsung Smart TV Crystal UHD UA55AU8100,Tivi,Samsung,13300000,0,76,4
Samsung Smart TV UA55AU7200,Tivi,Samsung,11100000,34,42,4
LG Smart TV 50UP7750PTB,Tivi,LG,12900000,31,38,4
LG Smart TV 65UQ7550PSF Mới 2022,Tivi,LG,15670000,30,12,5
LG Smart TV 50UP7800PTB,Tivi,LG,13800000,28,25,4
LG Smart TV 55UP7800PTB,Tivi,LG,14400000,37,72,4
LG Smart TV OLED 55A1PTA,Tivi,LG,24400000,43,24,4
TCL Android TV L32S66A,Tivi,TCL,4590000,23,74,4
Samsung Smart TV Crystal UHD UA43AU8100,Tivi,Samsung,9800000,0,69,4
LG Smart TV 55UP7750PTB,Tivi,LG,13900000,36,91,4
Sony Google TV KD-43X75K Mới 2022,Tivi,Sony,10200000,10,89,4
Sony Google TV KD-55X75K Mới 2022,Tivi,Sony,13900000,9,59,4
Casper Smart TV 43FX6200,Tivi,Casper,5890000,22,161,4
Samsung Smart TV QLED QA43Q65A,Tivi,Samsung,12300000,0,90,4
Samsung Smart TV Crystal UHD UA50AU8100,Tivi,Samsung,12300000,0,94,4
Sony Google TV KD-50X75K Mới 2022,Tivi,Sony,12900000,7,33,4
LG Smart TV 43UP7750PTB,Tivi,LG,10140000,34,79,4
Samsung Smart TV QLED QA65Q65A,Tivi,Samsung,18700000,0,46,4
Casper Smart TV 55UW6000,Tivi,Casper,8990000,34,52,4
Sony Google TV KD-55X80K Mới 2022,Tivi,Sony,16400000,8,56,4
TCL Google TV 43P635 Mới 2022,Tivi,TCL,7490000,16,22,4
Casper Smart TV 32HX6200,Tivi,Casper,4490000,10,95,4
LG Smart TV NanoCell 55NANO75TPA,Tivi,LG,13830000,46,61,4
Casper Android TV 32HG5200,Tivi,Casper,4640000,22,118,4
Sony Google TV KD-32W830K Mới 2022,Tivi,Sony,8200000,0,33,4
TCL Android TV L40S66A,Tivi,TCL,5790000,24,95,4
Samsung Smart TV UA32T4500,Tivi,Samsung,7390000,0,55,4
Samsung Smart TV QLED QA50Q65A,Tivi,Samsung,14200000,0,120,4
Sony Google TV KD-65X80K Mới 2022,Tivi,Sony,19900000,9,44,4
Sony Google TV KD-65X75K Mới 2022,Tivi,Sony,16900000,10,23,5
LG Smart TV 43UP7550PTC,Tivi,LG,9320000,35,108,4
Sony Google TV KD-43X80K Mới 2022,Tivi,Sony,13400000,6,39,4
Sony Google TV KD-50X80K Mới 2022,Tivi,Sony,15900000,0,36,4
Casper Android TV 43FG5200,Tivi,Casper,6390000,20,76,4
Casper Android TV 55UG6100,Tivi,Casper,8990000,35,25,4
LG Smart TV 55UP7550PTC,Tivi,LG,12660000,39,81,4
Samsung Smart TV UA43T6500,Tivi,Samsung,9400000,0,26,4
LG Smart TV NanoCell 50NANO75TPA,Tivi,LG,13530000,38,66,4
Samsung Smart TV QLED QA55Q60B Mới 2022,Tivi,Samsung,16090000,0,16,4
TCL Google TV 55P635 Mới 2022,Tivi,TCL,8990000,30,20,4
Samsung Smart TV UA32T4300,Tivi,Samsung,6900000,9,44,4
TCL Google TV 43P737 Mới 2022,Tivi,TCL,7990000,23,14,4
Samsung Smart TV QLED QA43Q60B Mới 2022,Tivi,Samsung,12800000,0,9,4
TCL Google TV 55P737 Mới 2022,Tivi,TCL,10790000,30,22,5
Sony Android TV XR-55X90J,Tivi,Sony,19500000,0,54,5
TCL Android TV 40S6500,Tivi,TCL,6290000,16,206,4
LG Smart TV 55QNED80SQA Mới 2022,Tivi,LG,18310000,29,82,4
Samsung Smart TV QLED QA65Q70B Mới 2022,Tivi,Samsung,22070000,16,9,4
Samsung Smart TV QLED QA75Q65A,Tivi,Samsung,33900000,0,15,4
Samsung Smart TV QLED QA65QN85A,Tivi,Samsung,45400000,25,5,5
Sony Google TV KD-65X85K Mới 2022,Tivi,Sony,23400000,11,15,5
Samsung Smart TV QLED QA55Q70B Mới 2022,Tivi,Samsung,20400000,6,9,4
LG Smart TV 55UQ8000PSC Mới 2022,Tivi,LG,13310000,33,9,5
Sony Google TV XR-65X90K Mới 2022,Tivi,Sony,29300000,5,15,5
LG Smart TV 50UQ7550PSF Mới 2022,Tivi,LG,11150000,25,18,4
LG Smart TV NanoCell 43NANO76SQA Mới 2022,Tivi,LG,11640000,26,8,4
Samsung Smart TV Crystal UHD UA75AU8100,Tivi,Samsung,27890000,0,16,4
Sony Google TV KD-75X80K Mới 2022,Tivi,Sony,29900000,9,13,4
Samsung Smart TV Crystal UHD UA65AU7200,Tivi,Samsung,13600000,37,7,3
Sony Google TV KD-55X85K Mới 2022,Tivi,Sony,20900000,8,7,4
TCL Google TV QLED 55Q636 Mới 2022,Tivi,TCL,12790000,30,13,3
LG Smart TV 43UQ8000PSC Mới 2022,Tivi,LG,10250000,28,9,4
TCL Google TV 50P737 Mới 2022,Tivi,TCL,9990000,25,13,4
LG Smart TV 70UP7750PTB,Tivi,LG,20400000,39,10,4
Samsung Smart TV QLED QA50Q60B Mới 2022,Tivi,Samsung,14700000,0,8,4
iFFALCON Android TV 32S52 Mới 2022,Tivi,iFFALCON,4150000,16,11,4
TCL Google TV QLED 43Q636 Mới 2022,Tivi,TCL,8990000,21,10,4
TCL Android TV 40S6500,Tivi,TCL,6290000,16,206,4
Sony Android TV KD-50X75,Tivi,Sony,12300000,17,216,5
Samsung Smart TV UA43T6000,Tivi,Samsung,8900000,14,15,4
Samsung Smart TV UA50AU7002 Mới 2022,Tivi,Samsung,10100000,11,8,4
Samsung Smart TV UA55TU6900,Tivi,Samsung,11390000,36,17,4
Casper Android TV QLED 55QG8000,Tivi,Casper,10490000,34,8,3
Sony Smart TV KDL-50W660G,Tivi,Sony,10900000,0,24,4
Sony Android TV KD-55X80J/S,Tivi,Sony,15400000,0,13,4
Samsung Smart TV UA55AU7002 Mới 2022,Tivi,Samsung,12810000,0,7,4
Sony Google TV XR-55X90K Mới 2022,Tivi,Sony,24700000,0,20,4
Samsung Smart TV Crystal UHD UA43BU8000 Mới 2022,Tivi,Samsung,11290000,0,6,4
Samsung Smart TV QLED QA65Q80B Mới 2022,Tivi,Samsung,28900000,23,4,4
TCL Google TV QLED 50Q636 Mới 2022,Tivi,TCL,11990000,22,4,3
Samsung Smart TV Crystal UHD UA55BU8500 Mới 2022,Tivi,Samsung,17300000,15,6,5
Samsung Smart TV Crystal UHD UA50BU8500 Mới 2022,Tivi,Samsung,15600000,12,4,4
TCL Android TV 50P615,Tivi,TCL,8490000,34,74,4
Sony Google TV OLED XR-65A80K Mới 2022,Tivi,Sony,50400000,6,13,4
LG Smart TV NanoCell 50NANO76SQA Mới 2022,Tivi,LG,13670000,29,6,4
Samsung Smart TV QLED QA55Q80A,Tivi,Samsung,22000000,35,38,4
Samsung Smart TV UA55BU8000 Mới 2022,Tivi,Samsung,14700000,0,7,5
Samsung Smart TV UA43AU7002 Mới 2022,Tivi,Samsung,8890000,0,5,4
LG Smart TV 43UQ7550PSF Mới 2022,Tivi,LG,9600000,25,8,5
Samsung Smart TV QLED QA55Q80B Mới 2022,Tivi,Samsung,23600000,28,6,4
Samsung Smart TV QLED QA65QN85A,Tivi,Samsung,45400000,25,5,5
Toshiba Google TV 55C350LP Mới 2022,Tivi,Toshiba,13690000,12,2,5
Sony Google TV XR-55X90K Mới 2022,Tivi,Sony,24700000,0,20,4
LG Smart TV NanoCell 65NANO75TPA,Tivi,LG,20900000,36,45,4
LG Smart TV 32LQ636BPSA Mới 2022,Tivi,LG,8000000,0,12,5
LG Smart TV 75UQ8000PSC Mới 2022,Tivi,LG,25170000,29,7,4
LG Smart TV 43UQ7550PSF Mới 2022,Tivi,LG,9600000,25,8,5
Sharp Android TV 2T-C32EG2X Mới 2022,Tivi,Sharp,5190000,14,0,0
LG Smart TV NanoCell 50NANO76SQA Mới 2022,Tivi,LG,13670000,29,6,4
Sony Android TV KD-65X80J,Tivi,Sony,19200000,19,21,5
FFALCON Android TV 43UF2,Tivi,FFALCON,5890000,41,22,4
LG Smart TV 65QNED80SQA Mới 2022,Tivi,LG,23220000,29,5,5
Samsung Smart TV UA55AU7002 Mới 2022,Tivi,Samsung,12810000,0,7,4
Sony Google TV XR-75X90K Mới 2022,Tivi,Sony,42300000,0,10,4
Sony Google TV OLED XR-65A80K Mới 2022,Tivi,Sony,50400000,6,13,4
Samsung Smart TV QLED QA65Q80B Mới 2022,Tivi,Samsung,28900000,23,4,4
LG Smart TV OLED 65A2PSA Mới 2022,Tivi,LG,36950000,36,1,1
LG Smart TV OLED 48A1PTA,Tivi,LG,17200000,47,70,5
Sony Google TV KD-50X85K Mới 2022,Tivi,Sony,19100000,0,7,4
Samsung Smart TV QLED QA75Q70B Mới 2022,Tivi,Samsung,33070000,28,4,4
LG Smart TV 55UQ7550PSF Mới 2022,Tivi,LG,13090000,22,9,4
Samsung Smart TV QLED Khung tranh QA65LS03B,Tivi,Samsung,33900000,12,2,5
Samsung Smart TV QLED QA50Q80B Mới 2022,Tivi,Samsung,19900000,0,3,5
Sony Google TV KD-75X85K Mới 2022,Tivi,Sony,37400000,6,6,5
LG Smart TV NanoCell 75NANO76SQA Mới 2022,Tivi,LG,28720000,38,4,5
Samsung Smart TV Crystal UHD UA60AU8100,Tivi,Samsung,22900000,0,29,4
Samsung Smart TV Crystal UHD UA65BU8000 Mới 2022,Tivi,Samsung,17590000,0,5,4
TCL Google TV 75P635 Mới 2022,Tivi,TCL,19990000,25,0,0
Samsung Smart TV QLED QA75Q60B Mới 2022,Tivi,Samsung,29100000,18,3,4
LG Smart TV OLED 48C1PTB,Tivi,LG,20400000,48,23,4
Samsung Smart TV UA65AU7002 Mới 2022,Tivi,Samsung,14740000,10,1,4
LG Smart TV 50UP7550PTC,Tivi,LG,11650000,34,32,4
LG Smart TV 50UQ8000PSC Mới 2022,Tivi,LG,11750000,32,3,5
Daikin Inverter 1 HP FTKB25WMVMV Mới 2022,air conditioner,Daikin,10990000,0,108,4
Panasonic Inverter 1 HP CU/CS-PU9XKH-8M,air conditioner,Panasonic,11390000,0,315,4
Samsung Smart TV Crystal UHD UA70AU8100,Tivi,Samsung,22400000,29,3,4
Samsung Inverter 1 HP AR09TYHQASINSV,air conditioner,Samsung,8270000,11,490,4
Panasonic Inverter 1 HP CU/CS-XU9XKH-8,air conditioner,Panasonic,13490000,0,133,4
Samsung Smart TV QLED QA65QN85B Mới 2022,Tivi,Samsung,42900000,20,3,4
Casper Inverter 1 HP IC-09TL32,air conditioner,Casper,7990000,0,183,4
Samsung Smart TV QLED QA55QN90B Mới 2022,Tivi,Samsung,36900000,13,2,4
Samsung Inverter 1.5 HP AR13TYHYCWKNSV,air conditioner,Samsung,10430000,11,265,4
Daikin Inverter 1.5 HP FTKB35WMVMV Mới 2022,air conditioner,Daikin,13490000,0,63,4
Samsung Smart TV QLED QA55QN85A,Tivi,Samsung,28100000,32,8,4
Toshiba Inverter 1 HP RAS-H10C4KCVG-V Mới 2022,air conditioner,Toshiba,10190000,0,35,4
Daikin Inverter 2 HP FTKB50WAVMV Mới 2022,air conditioner,Daikin,19990000,0,12,4
Samsung Smart TV Crystal UHD UA65BU8500 Mới 2022,Tivi,Samsung,22410000,11,6,4
LG Inverter 1.5 HP V13ENH1,air conditioner,LG,10970000,5,66,3
Panasonic Inverter 1.5 HP CS-PU12XKH-8M,air conditioner,Panasonic,13890000,0,215,4
LG Smart TV 50QNED80SQA Mới 2022,Tivi,LG,15950000,30,4,5
Sharp Inverter 1 HP AH-X9XEW,air conditioner,Sharp,8990000,0,164,3
Samsung Smart TV Crystal UHD UA43BU8500 Mới 2022,Tivi,Samsung,13400000,6,4,4
Sharp Inverter 1 HP AH-X10ZW Mới 2022,air conditioner,Sharp,7990000,0,59,4
LG Inverter 1 HP V10ENH1,air conditioner,LG,9590000,0,91,3
Sony Android TV OLED XR-55A80J,Tivi,Sony,36400000,8,26,4
Funiki Inverter 1.5 HP HIC12TMU.ST3 Mới 2022,air conditioner,Funiki,7730000,18,98,4
Daikin Inverter 1 HP FTKY25WMVMV Mới 2022,air conditioner,Daikin,13290000,0,56,4
Samsung Smart TV QLED QA85Q60B Mới 2022,Tivi,Samsung,42100000,20,2,4
Panasonic Inverter 1.5 HP CU/CS-XU12XKH-8,air conditioner,Panasonic,16890000,0,64,4
Sharp Android TV 2T-C42EG2X Mới 2022,Tivi,Sharp,7190000,15,0,0
Aqua Inverter 1 HP AQA-KCRV10TR Mới 2022,air conditioner,Aqua,9190000,0,40,4
Toshiba Inverter 1.5 HP RAS-H13C4KCVG-V Mới 2022,air conditioner,Toshiba,12990000,0,22,4
Samsung Smart TV QLED Khung tranh QA50LS03B,Tivi,Samsung,22200000,23,6,4
Casper Inverter 1.5 HP IC-12TL32,air conditioner,Casper,8990000,0,15,3
Toshiba Inverter 1.5 HP RAS-H13C4KCVG-V Mới 2022,air conditioner,Toshiba,12990000,0,22,4
AQUA Android TV LE43AQT6600UG,Tivi,AQUA,7990000,11,28,4
Midea 1 HP MSAFA-10CRN8,air conditioner,Midea,5710000,17,13,3
Sony Android TV KD-55X80J,Tivi,Sony,15400000,0,70,4
Aqua Inverter 1.5 HP AQA-KCRV13TR Mới 2022,air conditioner,Aqua,10690000,0,11,4
Panasonic Inverter 1 HP CU/CS-YZ9WKH-8,air conditioner,Panasonic,13390000,0,134,4
LG Smart TV NanoCell 50NANO86TPA,Tivi,LG,13970000,43,11,4
Panasonic Inverter 1.5 HP CU/CS-YZ12WKH-8,air conditioner,Panasonic,16390000,0,27,4
Samsung Smart TV QLED QA65Q80A,Tivi,Samsung,27900000,34,43,4
LG Inverter 2 HP V18API1,air conditioner,LG,21170000,0,9,4
Daikin Inverter 1 HP FTHF25VAVMV,air conditioner,Daikin,12990000,0,17,4
LG Smart TV OLED 55C1PTB,Tivi,LG,29400000,39,10,4
Nagakawa Inverter 1 HP NIS-C09R2H10,air conditioner,Nagakawa,8530000,9,134,4
Funiki Inverter 1 HP HIC09TMU.ST3 Mới 2022,air conditioner,Funiki,7540000,0,51,4
Samsung Smart TV QLED Khung tranh QA55LS03B,Tivi,Samsung,25050000,16,3,4
LG Inverter 1 HP V10API1,air conditioner,LG,12390000,0,48,4
Samsung Smart TV Crystal UHD UA50BU8000 Mới 2022,Tivi,Samsung,13200000,0,5,4
TCL Inverter 1 HP TAC-10CSD/XA66,air conditioner,TCL,7990000,0,47,4
Daikin Inverter 1.5 HP FTKA35VMVMV,air conditioner,Daikin,12990000,0,42,3
Casper Android TV QLED 55QG8000,Tivi,Casper,10490000,34,8,3
Daikin Inverter 1.5 HP FTHF35VAVMV,air conditioner,Daikin,15790000,0,6,4
LG Inverter 1.5 HP V13API1,air conditioner,LG,14090000,0,30,4
iFFALCON Google TV 43U62 Mới 2022,Tivi,iFFALCON,6890000,13,1,1
Comfee 1 HP SIRIUSB-9E,air conditioner,Comfee,5700000,0,46,4
TCL Android TV 43P615,Tivi,TCL,8090000,26,76,4
Daikin Inverter 1 HP FTKA25VMVMV,air conditioner,Daikin,10590000,0,70,3
LG Inverter 1.5 HP V13APFUV,air conditioner,LG,17810000,0,117,4
TCL Google TV QLED 65Q636 Mới 2022,Tivi,TCL,17590000,26,3,5
Panasonic Inverter 2 HP CU/CS-XU18XKH-8,air conditioner,Panasonic,25690000,0,5,5
Beko Inverter 1.5 HP RSVC12VT,air conditioner,Beko,8690000,20,17,4
LG Smart TV 70UQ8000PSC Mới 2022,Tivi,LG,20580000,33,3,4
Samsung Inverter 1 HP AR10TYHYCWKNSV,air conditioner,Samsung,10190000,0,364,4
Sony Android TV KD-65X95J,Tivi,Sony,31000000,22,4,4
TCL Inverter 1 HP TAC-10CSI/KE88N,air conditioner,TCL,7110000,11,55,4
TCL Inverter 1 HP TAC-10CSD/TPG11,air conditioner,TCL,7370000,22,14,3
Samsung Smart TV QLED QA55QN90A,Tivi,Samsung,30600000,31,43,5
LG Inverter 1 HP V10APFUV,air conditioner,LG,15590000,0,190,4
LG Smart TV QNED 65QNED91TPA,Tivi,LG,30800000,50,1,5
Máy lạnh Gree Inverter 1.5 HP GWC12PB-K3D0P4,air conditioner,Máy,10390000,9,24,3
Aqua Inverter 1.5 HP AQA-KCRV13TK,air conditioner,Aqua,10170000,9,30,4
LG Smart TV 60UQ8150PSB Mới 2022,Tivi,LG,14900000,34,1,5
Samsung Inverter 1 HP AR10TYGCDWKNSV,air conditioner,Samsung,10710000,13,158,4
LG Smart TV NanoCell 55NANO86TPA,Tivi,LG,15700000,43,20,4
Comfee Inverter 1.5 HP SIRIUS-12ED,air conditioner,Comfee,8290000,0,14,4
Casper Inverter 2 HP IC-18TL32,air conditioner,Casper,15990000,0,5,5
AQUA Android TV LE43AQT6600UG,Tivi,AQUA,7990000,11,28,4
Sharp Inverter 2 HP AH-X18XEW,air conditioner,Sharp,15690000,0,10,5
LG Smart TV 60UQ8150PSB Mới 2022,Tivi,LG,14900000,34,1,5
Gree Inverter 1 HP GWC09FB-K6D9A1W,air conditioner,Gree,10030000,5,20,4
Daikin 1 HP ATF25UV1V,air conditioner,Daikin,9190000,0,47,4
Samsung Smart TV QLED QA65Q70A,Tivi,Samsung,27410000,21,7,5
Daikin Inverter 1.5 HP ATKC35UAVMV,air conditioner,Daikin,14990000,0,32,3
Daikin Inverter 2 HP FTHF50VVMV,air conditioner,Daikin,24090000,0,5,5
LG Smart TV NanoCell 65NANO75TPA,Tivi,LG,20900000,36,45,4
Midea Inverter 1.5 HP MSAFA-13CRDN8,air conditioner,Midea,8290000,15,12,4
LG Smart TV NanoCell 50NANO86TPA,Tivi,LG,13970000,43,11,4
TCL Inverter 1.5 HP TAC-13CSD/XA66,air conditioner,TCL,8950000,6,7,3
Samsung Smart TV QLED QA75QN85A,Tivi,Samsung,70410000,17,1,5
Sharp Inverter 1 HP AH-XP10YMW,air conditioner,Sharp,10110000,8,41,4
Nagakawa Inverter 1.5 HP NIS-C12R2H10,air conditioner,Nagakawa,10510000,0,22,3
Sony Android TV KD-65X85J,Tivi,Sony,18900000,24,21,5
Daikin Inverter 1 HP ATKC25UAVMV,air conditioner,Daikin,12290000,0,106,3
Samsung Inverter 1.5 HP AR13TYGCDWKNSV,air conditioner,Samsung,12870000,10,109,4
Sony Android TV KD-65X80J/S,Tivi,Sony,19200000,19,7,4
Gree Inverter 1 HP GWH09PA-K6D1P4,air conditioner,Gree,10990000,0,5,4
Sony Android TV KD-55X80J,Tivi,Sony,15400000,0,70,4
Aqua Inverter 2 HP AQA-KCRV18TK,air conditioner,Aqua,16790000,0,5,4
Beko Inverter 1.5 HP RSVC12VT,air conditioner,Beko,8690000,20,17,4
iFFALCON Google TV 55U62 Mới 2022,Tivi,iFFALCON,7990000,33,2,4
Daikin Inverter 2.5 HP FTKB60WAVMV Mới 2022,air conditioner,Daikin,26990000,0,6,4
LG Smart TV OLED OLED48A2PSA Mới 2022,Tivi,LG,22950000,30,2,5
TCL 1 HP TAC-N09CS/KC41,air conditioner,TCL,5970000,8,42,4
Toshiba Inverter 1 HP RAS-H10E2KCVG-V,air conditioner,Toshiba,11690000,0,17,4
Sony Google TV OLED XR-55A80K Mới 2022,Tivi,Sony,40400000,5,5,4
Kangaroo Inverter 1.5 HP KGAC12CI,air conditioner,Kangaroo,8890000,8,13,5
Samsung Smart TV QLED QA55QN90A,Tivi,Samsung,30600000,31,43,5
Daikin Inverter 2 HP FTKY50WVMV Mới 2022,air conditioner,Daikin,25190000,0,3,4
Midea Inverter 2 HP MSAFA-18CRDN8,air conditioner,Midea,15890000,0,4,4
LG Smart TV 50UP7550PTC,Tivi,LG,11650000,34,32,4
Samsung Inverter 1.5 HP AR13TYGCDWKNSV,air conditioner,Samsung,12870000,10,109,4
Sony Android TV KD-50X80J/S,Tivi,Sony,14300000,20,4,4
TCL Inverter 1 HP TAC-10CSI/KE88N,air conditioner,TCL,7110000,11,55,4
Daikin Inverter 1 HP ATKC25UAVMV,air conditioner,Daikin,12290000,0,106,3
LG Smart TV OLED 48C1PTB,Tivi,LG,20400000,48,23,4
Gree Inverter 1 HP GWH09PA-K6D1P4,air conditioner,Gree,10990000,0,5,4
Samsung Smart TV QLED QA85QN85B Mới 2022,Tivi,Samsung,80170000,23,1,5
Sharp Inverter 1.5 HP AH-XP13YMW,air conditioner,Sharp,11190000,6,8,3
Panasonic Inverter 1 HP CS-WPU9XKH-8,air conditioner,Panasonic,11990000,0,5,4
Sony Google TV XR-85X95K Mới 2022,Tivi,Sony,110400000,15,1,5
Daikin 1.5 HP ATF35UV1V,air conditioner,Daikin,11590000,0,22,4
Samsung Smart TV QLED QA85Q80B Mới 2022,Tivi,Samsung,54670000,32,0,0
Daikin Inverter 1.5 HP ATKC35UAVMV,air conditioner,Daikin,14990000,0,32,3
Samsung Inverter 1 HP AR10TYGCDWKNSV,air conditioner,Samsung,10710000,13,158,4
Samsung Smart TV QLED Khung tranh QA50LS03A,Tivi,Samsung,18200000,39,27,4
Casper 1.5 HP KC-12FC32,air conditioner,Casper,7190000,10,7,4
Sony Android TV OLED KD-48A9S,Tivi,Sony,28400000,28,0,0
Nagakawa 1 HP NS-C09R2M09,air conditioner,Nagakawa,7310000,0,9,3
Panasonic 1.5 HP CU/CS-N12WKH-8M,air conditioner,Panasonic,11990000,0,65,4
Samsung Smart TV QLED Khung tranh QA50LS03A,Tivi,Samsung,18200000,39,27,4
Gree 1 HP GWC09KB-K6N0C4,air conditioner,Gree,7990000,0,23,4
LG Smart TV OLED 55A2PSA Mới 2022,Tivi,LG,26950000,37,1,3
Gree Inverter 1.5 HP GWH12PB-K6D1P4,air conditioner,Gree,13790000,0,3,4
LG Smart TV 55QNED86SQA Mới 2022,Tivi,LG,25950000,33,0,0
LG Inverter 1 HP B10END,air conditioner,LG,12390000,0,6,3
LG Inverter 1.5 HP V13API,air conditioner,LG,11890000,6,91,4
Sony Google TV XR-65X95K Mới 2022,Tivi,Sony,56400000,7,0,0
LG Inverter 1 HP B10END1 Mới 2022,air conditioner,LG,12790000,0,4,4
Casper Android TV 50UGA610 Mới 2022,Tivi,Casper,8940000,10,0,0
Daikin Inverter 2.5 HP FTKY60WVMV Mới 2022,air conditioner,Daikin,34990000,0,0,0
Panasonic Inverter 1 HP CU/CS-VU9UKH-8,air conditioner,Panasonic,18390000,0,61,4
Sony Android TV KD-65X80AJ,Tivi,Sony,22450000,6,22,4
Casper 1 HP KC-09FC32,air conditioner,Casper,6190000,11,4,4
LG Smart TV 65UP7800PTB,Tivi,LG,18400000,38,18,4
Gree 2 HP GWC18KD-K6N0C4,air conditioner,Gree,14690000,0,4,4
Aqua Inverter 1 HP AQA-KCRV10XAW Mới 2022,air conditioner,Aqua,11690000,0,1,4
LG Smart TV OLED 65A1PTA,Tivi,LG,34000000,41,8,4
Gree Inverter 2 HP GWC18PC-K3D0P4,air conditioner,Gree,17590000,0,6,5
Samsung Smart TV QLED QA85QN900B Mới 2022,Tivi,Samsung,190410000,13,0,0
TCL Inverter 1.5 HP TAC-13CSD/XA66,air conditioner,TCL,8950000,6,7,3
Samsung Smart TV QLED QA82Q65R,Tivi,Samsung,50690000,14,3,5
Funiki Inverter 1.5 HP HSIC12TMU Mới 2022,air conditioner,Funiki,10140000,0,1,5
Aqua 1 HP AQA-KCR9NQ-S,air conditioner,Aqua,7240000,0,1,5
Sony Google TV OLED XR-48A90K Mới 2022,Tivi,Sony,40300000,0,2,4
Sharp Inverter 1 HP AH-XP10YHW,air conditioner,Sharp,11350000,5,4,2
LG Smart TV OLED 77A2PSA Mới 2022,Tivi,LG,65950000,30,0,0
Casper 2 HP KC-18FC32,air conditioner,Casper,12290000,0,1,5
Casper Inverter 1 HP GH-09IS33 Mới 2022,air conditioner,Casper,9590000,0,0,0
Sony Android TV KD-55X80AJ,Tivi,Sony,13800000,25,18,4
Casper Inverter 1.5 HP GH-12IS33 Mới 2022,air conditioner,Casper,10990000,0,0,0
Samsung Smart TV QLED Khung tranh QA75LS03B,Tivi,Samsung,35370000,35,0,0
Daikin Inverter 2 HP FTKA50UAVMV,air conditioner,Daikin,19390000,0,1,4
LG Inverter 1.5 HP V13APF,air conditioner,LG,14090000,5,59,4
Sony Android TV KD-50X80J,Tivi,Sony,13500000,24,30,4
Gree Inverter 1 HP GWC09FB-K6D9A1W,air conditioner,Gree,10030000,5,20,4
LG Smart TV 43UP7800PTB,Tivi,LG,9440000,40,133,4
Beko Inverter 1 HP RSVH09VS,air conditioner,Beko,10080000,5,31,4
Gree 1.5 HP GWC12KC-K6N0C4,air conditioner,Gree,9990000,0,3,4
Casper Android TV 43FGA610 Mới 2022,Tivi,Casper,6790000,15,1,5
Daikin Inverter 2.5 HP FTHF60VVMV,air conditioner,Daikin,32690000,0,1,4
Samsung Smart TV QLED QA65QN800A,Tivi,Samsung,65500000,9,0,0
LG Inverter 1.5 HP B13API Mới 2022,air conditioner,LG,16490000,0,2,4
Samsung Smart TV QLED QA65QN900A,Tivi,Samsung,74240000,23,0,0
Funiki Inverter 2.5 HP HIC24TMU.ST3 Mới 2022,air conditioner,Funiki,16600000,0,2,4
LG Smart TV OLED 83C2PSA Mới 2022,Tivi,LG,139500000,6,0,0
TCL Inverter 1 HP TAC-10CSD/TPG11,air conditioner,TCL,8930000,5,14,3
Funiki Inverter 1 HP HSIC09TMU Mới 2022,air conditioner,Funiki,8590000,0,1,5
Sony Google TV XR-85X90K Mới 2022,Tivi,Sony,63400000,9,1,5
Midea Inverter 1 HP MSAG-10CRDN8,air conditioner,Midea,8330000,16,17,4
LG Smart TV QNED 75QNED99TPB,Tivi,LG,74930000,46,0,0
Aqua Inverter 1 HP AQA-KCRV10WNZA,air conditioner,Aqua,8890000,0,33,3
Samsung Smart TV Crystal UHD UA75BU8000 Mới 2022,Tivi,Samsung,29390000,0,0,0
Gree Inverter 1.5 HP GWC12FB-K6D9A1W,air conditioner,Gree,11830000,0,7,4
Samsung Smart TV QLED Khung tranh QA65LS03A,Tivi,Samsung,30600000,28,5,5
Daikin Inverter 2 HP FTKC50UVMV,air conditioner,Daikin,21990000,0,8,4
Nagakawa 1.5 HP NS-C12R2M09,air conditioner,Nagakawa,8730000,5,6,5
LG Smart TV OLED 55G2PSA Mới 2022,Tivi,LG,48400000,17,0,0
Toshiba Google TV 75C350LP Mới 2022,Tivi,Toshiba,31290000,0,0,0
Casper Inverter 1.5 HP GC-12IS32,air conditioner,Casper,8520000,28,12,4
Gree Inverter 0.8 HP GWC07PA-K3D0P4,air conditioner,Gree,8990000,0,3,5
LG Smart TV QNED 75QNED91TPA,Tivi,LG,57800000,34,1,4
Daikin Inverter 1.5 HP FTKZ35VVMV,air conditioner,Daikin,21090000,0,0,0
Panasonic Inverter 1.5 HP CU/CS-WPU12XKH-8,air conditioner,Panasonic,14490000,0,0,0
LG Smart TV OLED 55G1PTA,Tivi,LG,32400000,44,4,5
Midea Inverter 1 HP MSMTII-10HRFN8,air conditioner,Midea,13990000,0,5,5
Gree Inverter 2 HP GWH18PD-K6D1P4,air conditioner,Gree,18990000,0,0,0
Sony Android TV OLED XR-65A90J,Tivi,Sony,50400000,22,1,5
Daikin Inverter 3 HP FTKY71WVMV Mới 2022,air conditioner,Daikin,39490000,0,0,0
AQUA Android TV QLED LE55AQTS6UG,Tivi,AQUA,12790000,58,4,4
Gree Inverter 2 HP GWH18PD-K6D1P4,air conditioner,Gree,18990000,0,0,0
Daikin Inverter 3 HP FTKY71WVMV Mới 2022,air conditioner,Daikin,39490000,0,0,0
Toshiba Google TV QLED 65M550LP Mới 2022,Tivi,Toshiba,24990000,0,0,0
Funiki Inverter 2 HP HIC18TMU.ST3 Mới 2022,air conditioner,Funiki,14590000,0,0,0
Casper Android TV 55UGA610 Mới 2022,Tivi,Casper,10190000,7,1,4
Panasonic Inverter 2 HP CU/CS-VU18UKH-8,air conditioner,Panasonic,33690000,0,0,0
Aqua Inverter 1.5 HP AQA-KCRV13WNZA,air conditioner,Aqua,10490000,0,17,3
Samsung Smart TV QLED QA85Q60A,Tivi,Samsung,55410000,22,3,5
Toshiba Inverter 1.5 HP RAS-H13L3KCVG-V,air conditioner,Toshiba,12990000,0,3,3
Samsung Smart TV QLED QA75QN85B Mới 2022,Tivi,Samsung,69410000,13,0,0
Aqua Inverter 1 HP AQA-KCRV10NB,air conditioner,Aqua,9990000,0,32,4
Toshiba Inverter 2 HP RAS-H18C3KCVG-V,air conditioner,Toshiba,18900000,0,1,4
LG Smart TV 65QNED86SQA Mới 2022,Tivi,LG,33760000,38,0,0
Casper 2 HP LC-18FS32,air conditioner,Casper,16010000,0,0,0
Samsung Smart TV Crystal UHD UA50AU7200,Tivi,Samsung,10350000,25,14,4
Casper Inverter 2 HP GC-18IS32,air conditioner,Casper,18850000,0,0,0
Panasonic Inverter 2.5 HP CU/CS-XZ24XKH-8,air conditioner,Panasonic,37890000,0,0,0
LG Smart TV 86UQ9100PSD Mới 2022,Tivi,LG,61900000,0,1,5
Samsung Inverter 1 HP AR10BYAAAWKNSV Mới 2022,air conditioner,Samsung,17790000,0,0,0
Sony Google TV OLED XR-77A80K Mới 2022,Tivi,Sony,91300000,0,0,0
Samsung Inverter 1.5 HP AR13BYAAAWKNSV Mới 2022,air conditioner,Samsung,19990000,0,0,0
LG Inverter 1.5 HP V13APIG Mới 2022,air conditioner,LG,18090000,0,2,5
Toshiba Google TV QLED 55M550LP Mới 2022,Tivi,Toshiba,17990000,10,0,0
Daikin Inverter 2 HP FTKZ50VVMV,air conditioner,Daikin,32090000,0,1,4
Samsung Smart TV Crystal UHD UA50AU7200,Tivi,Samsung,10350000,25,14,4
Casper Inverter 2.5 HP GC-24IS32,air conditioner,Casper,23100000,0,0,0
Gree Inverter 2.5 HP GWH24PD-K6D1P4,air conditioner,Gree,26990000,0,0,0
LG Smart TV 65QNED86SQA Mới 2022,Tivi,LG,33760000,38,0,0
Panasonic Inverter 2 HP CU/CS-WPU18XKH-8,air conditioner,Panasonic,21490000,0,0,0
Samsung Smart TV QLED QA50Q65A,Tivi,Samsung,14200000,0,120,4
LG Inverter 1 HP V10APH2 Mới 2022,air conditioner,LG,11690000,0,0,0
LG Inverter 1.5 HP V13APH2 Mới 2022,air conditioner,LG,12990000,0,0,0
Casper Android TV 43FG5200,Tivi,Casper,6390000,20,76,4
Toshiba Android TV 43V35KP Mới 2022,Tivi,Toshiba,8990000,0,0,0
Toshiba Google TV 65C350LP Mới 2022,Tivi,Toshiba,22990000,0,0,0
TCL Android TV L40S66A,Tivi,TCL,5790000,24,95,4
LG Smart TV NanoCell 70NANO76SQA Mới 2022,Tivi,LG,24720000,38,1,5
Casper Smart TV 43FX6200,Tivi,Casper,5890000,22,161,4
TCL Google TV 55C835 Mới 2022,Tivi,TCL,24490000,9,0,0
LG Smart TV OLED 77C2PSA Mới 2022,Tivi,LG,80400000,24,0,0
Toshiba Google TV 43C350LP Mới 2022,Tivi,Toshiba,10490000,8,0,0
Samsung Smart TV Kiểu chữ I QA55LS01BA Mới 2022,Tivi,Samsung,25300000,12,1,4
Samsung Smart TV QLED QA85Q70A,Tivi,Samsung,50800000,32,0,0
Sony Google TV KD-65X81DK Mới 2022,Tivi,Sony,19900000,9,1,4
Samsung Smart TV QLED QA55Q80T,Tivi,Samsung,17990000,33,4,3
Sony Android TV XR-85Z9J,Tivi,Sony,199900000,0,1,5
Samsung Smart TV Crystal UHD UA85AU8000,Tivi,Samsung,50310000,16,0,0
Sony Google TV KD-50X81DK Mới 2022,Tivi,Sony,15600000,0,1,4
Sony Android TV XR-75X90J,Tivi,Sony,39900000,0,23,4
LG Smart TV OLED 65G1PTA,Tivi,LG,47800000,43,1,5
Samsung Smart TV Crystal UHD UA85AU8000,Tivi,Samsung,50310000,16,0,0
Sony Google TV KD-50X81DK Mới 2022,Tivi,Sony,15600000,0,1,4
Sony Android TV OLED XR-55A90J,Tivi,Sony,51300000,0,3,5
LG Smart TV NanoCell 75NANO86TPA,Tivi,LG,36400000,33,4,4
Sony Android TV XR-75X90J,Tivi,Sony,39900000,0,23,4
LG Smart TV OLED 65G2PSA Mới 2022,Tivi,LG,54420000,35,0,0
Samsung Smart TV QLED Chống nước QA65LST7T,Tivi,Samsung,99890000,0,0,0
Samsung Smart TV QLED QA65Q60T,Tivi,Samsung,19600000,24,7,4
Samsung Smart TV QLED QA65Q70T,Tivi,Samsung,21300000,27,1,4
Samsung Smart TV QLED QA75Q65R,Tivi,Samsung,32080000,19,3,3
Sony Android TV KD-85X95J,Tivi,Sony,68400000,20,2,4
Sony Android TV KD-50X85J,Tivi,Sony,15500000,25,13,5
Samsung Smart TV QLED Khung tranh QA75LS03A,Tivi,Samsung,44900000,22,0,0
AQUA Android TV LE50AQT6600UG,Tivi,AQUA,8990000,10,22,3
Samsung Smart TV QLED QA82Q75R,Tivi,Samsung,61600000,11,0,0
Sony Android TV OLED XR-65A80J,Tivi,Sony,37300000,32,29,4
Samsung Smart TV QLED QA75Q75R,Tivi,Samsung,47900000,20,0,0
Samsung Smart TV QLED QA50Q80A,Tivi,Samsung,17400000,39,22,4
Sony Android TV 49X9500H,Tivi,Sony,24900000,0,4,4
Sony Android TV 49X9500H,Tivi,Sony,24900000,0,4,4
Samsung Smart TV Crystal UHD UA43BU8500 Mới 2022,Tivi,Samsung,13400000,6,4,4
Samsung Smart TV Crystal UHD UA75TU7000,Tivi,Samsung,29330000,0,0,0
Samsung Smart TV Crystal UHD UA75AU7000,Tivi,Samsung,25910000,18,8,4
Samsung Smart TV Crystal UHD UA60BU8000 Mới 2022,Tivi,Samsung,18300000,20,0,0
TCL Android TV QLED 55Q726,Tivi,TCL,9990000,52,11,3
Samsung Smart TV QLED QA50QN90A,Tivi,Samsung,24430000,38,8,5
Samsung Smart TV QLED QA65QN90A,Tivi,Samsung,41400000,36,6,4
Samsung Smart TV Crystal UHD UA55AU9000,Tivi,Samsung,14000000,38,10,4
Samsung Smart TV QLED Xoay QA43LS05B Mới 2022,Tivi,Samsung,28900000,0,0,0
TCL Android TV QLED 50Q726,Tivi,TCL,8790000,51,8,4
Samsung Smart TV Crystal UHD UA50AU9000,Tivi,Samsung,12650000,34,7,4
LG Smart TV 32LM636BPTB,Tivi,LG,6400000,20,40,5
Samsung Smart TV Crystal UHD UA60AU8100,Tivi,Samsung,22900000,0,29,4
Casper Android TV 32HGA510 Mới 2022,Tivi,Casper,5490000,0,0,0
Samsung Smart TV QLED Khung tranh QA32LS03B,Tivi,Samsung,17900000,0,0,0
Toshiba Google TV 50C350LP Mới 2022,Tivi,Toshiba,13490000,8,0,0
Toshiba Smart TV OLED 65X9900LP Mới 2022,Tivi,Toshiba,69990000,0,0,0
Samsung Smart TV QLED QA75QN800A,Tivi,Samsung,139900000,0,0,0
TCL Google TV QLED 65C735 Mới 2022,Tivi,TCL,26990000,0,0,0
Samsung Smart TV Micro LED The Wall MNA110MS1A,Tivi,Samsung,3499000000,0,0,0
Samsung Smart TV Micro LED The Wall MNA99MS1A,Tivi,Samsung,2999000000,0,0,0
Samsung Smart TV UA32T4202 Mới 2022,Tivi,Samsung,5900000,0,0,0
LG Smart TV QNED 65QNED91TPA,Tivi,LG,30800000,50,1,5
LG Smart TV OLED Kiểu chữ I 55LX1QPSA Mới 2022,Tivi,LG,0,0,0,0
Sharp Android TV 2T-C42EG2X Mới 2022,Tivi,Sharp,7190000,15,0,0
Samsung Smart TV QLED QA98QN90A,Tivi,Samsung,200400000,12,0,0
Samsung Smart TV QLED Kiểu chữ I QA50LS01BB,Tivi,Samsung,24900000,0,0,0
Samsung Smart TV OLED QA65S95B Mới 2022,Tivi,Samsung,59900000,0,0,0
TCL Android TV QLED 98C735 Mới 2022,Tivi,TCL,84490000,53,0,0
TCL Google TV QLED 55C735 Mới 2022,Tivi,TCL,22990000,0,0,0
Sharp Android TV 2T-C32EG2X Mới 2022,Tivi,Sharp,5190000,14,0,0
Toshiba Smart TV OLED 55X9900LP Mới 2022,Tivi,Toshiba,54990000,0,0,0
Toshiba Google TV QLED 50M550LP Mới 2022,Tivi,Toshiba,16490000,8,0,0
Toshiba Android TV 32V35KP Mới 2022,Tivi,Toshiba,6490000,7,0,0
Samsung Smart TV OLED QA55S95B Mới 2022,Tivi,Samsung,46900000,0,0,0
Acer TravelMate B3 TMB311 31 C2HB N4020 (NX.VNFSV.006),laptop,Acer,4490000,55,59,4
MacBook Air M1 2020 7-core GPU,laptop,MacBook,23490000,14,88,4
MacBook Pro 14 M1 Pro 2021/14 core-GPU,laptop,MacBook,42990000,20,17,4
Lenovo Ideapad 1 11IGL05 (81VT006FVN),laptop,Lenovo,6290000,30,40,4
Asus TUF Gaming FX506LHB i5 10300H (HN188W),laptop,Asus,19690000,6,73,4
MacBook Air M2 2022 8-core GPU,laptop,MacBook,29990000,9,13,4
HP 240 G8 i3 1005G1 (617K6PA),laptop,HP,10190000,26,29,4
Lenovo Yoga Duet 7 13ITL6 i7 1165G7 (82MA003UVN),laptop,Lenovo,26490000,26,5,4
Acer Nitro 5 Gaming AN515 57 54MV i5 11400H (NH.QENSV.003),laptop,Acer,22490000,15,20,4
Dell Gaming G15 5515 R5 5600H (P105F004CGR),laptop,Dell,19990000,13,15,4
Asus VivoBook 15X OLED A1503ZA i5 12500H (L1290W),laptop,Asus,19590000,8,37,5
Lenovo Ideapad 3 15ITL6 i3 1115G4 (82H801NEVN),laptop,Lenovo,10990000,21,37,4
HP 15s fq2662TU i3 1115G4 (6K795PA),laptop,HP,10310000,20,31,4
HP VICTUS 16 d0292TX i5 11400H (5Z9R3PA),laptop,HP,21590000,18,15,3
Acer Aspire 7 Gaming A715 42G R4XX R5 5500U (NH.QAYSV.008),laptop,Acer,15990000,13,88,4
Dell Inspiron 15 3511 i3 1115G4 (P112F001CBL),laptop,Dell,12390000,0,24,4
HP Envy 13 ba1535TU i7 1165G7 (4U6M4PA),laptop,HP,23590000,19,9,5
Lenovo Ideapad 3 15IAU7 i3 1215U (82RK005LVN),laptop,Lenovo,11990000,13,16,4
itel ABLE 1S N4020 (71006300027),laptop,itel,6090000,32,11,4
Dell Vostro 3510 i5 1135G7 (P112F002BBL),laptop,Dell,19990000,13,31,4
Asus ZenBook UX325EA i7 1165G7 (KG658W),laptop,Asus,27190000,9,6,4
Lenovo Ideapad 5 15ITL05 i5 1135G7 (82FG01H7VN),laptop,Lenovo,15090000,19,40,4
MacBook Pro M2 2022 10-core GPU,laptop,MacBook,36990000,11,4,4
Dell Gaming G15 5511 i5 11400H (70266676),laptop,Dell,25890000,5,14,4
Dell Vostro 5410 i5 11320H (V4I5214W1),laptop,Dell,21090000,8,32,4
Lenovo ThinkBook 14 G3 ACL R5 5500U (21A200CPVN),laptop,Lenovo,18190000,0,22,4
HP 15s fq5078TU i5 1235U (6K798PA),laptop,HP,16990000,6,21,4
Acer Aspire 3 A315 58 52KT i5 1135G7 (NX.AM0SV.006),laptop,Acer,14990000,11,31,4
HP 340s G7 i3 1005G1 (240Q4PA),laptop,HP,8190000,36,66,4
Dell Inspiron 16 5620 i7 1255U (N6I7110W1),laptop,Dell,25190000,0,7,5
Asus TUF Gaming FX517ZC i5 12450H (HN077W),laptop,Asus,25190000,13,31,4
Lenovo Ideapad Gaming 3 15IAH7 i5 12500H (82S9007TVN),laptop,Lenovo,23190000,14,8,5
HP Pavilion 15 eg2056TU i5 1240P (6K786PA),laptop,HP,17490000,7,32,4
Acer Aspire A514 54 511G i5 1135G7 (NX.A28SV.009),laptop,Acer,17490000,12,33,4
Dell Vostro 5620 i5 1240P (V6I5001W1),laptop,Dell,22190000,0,2,4
Asus Vivobook 15 X1502ZA i5 1240P (EJ120W),laptop,Asus,17590000,0,22,4
Asus VivoBook A415EA i5 1135G7 (AM1637W),laptop,Asus,16590000,0,39,4
Asus ROG Strix Gaming G513IH R7 4800H (HN015W),laptop,Asus,20190000,12,55,4
HP 240 G9 i5 1235U (6L1Y2PA),laptop,HP,16990000,8,16,4
Acer Aspire A315 56 32TP i3 1005G1 (NX.HS5SV.00K),laptop,Acer,9490000,20,14,4
HP 240 G8 i3 1005G1 (519A7PA),laptop,HP,8990000,29,20,4
Samsung Galaxy Z Flip4 5G,phone,Samsung,20990000,12,42,4
iPhone 11,phone,iPhone,11690000,22,672,4
Acer Aspire 3 A315 59 314F i3 1215U (NX.K6TSV.002),laptop,Acer,12690000,0,19,5
Realme C35,phone,Realme,3890000,9,142,3
Asus VivoBook X415EA i3 1115G4 (EK1386W),laptop,Asus,10990000,0,35,4
Xiaomi Redmi Note 11,phone,Xiaomi,4690000,0,282,4
Asus Zenbook 17 Fold OLED UX9702AA i7 1250U (MD014W),laptop,Asus,81090000,9,0,0
Samsung Galaxy S22 Ultra 5G,phone,Samsung,23990000,22,60,4
MacBook Pro 16 M1 Max 2021/32 core-GPU,laptop,MacBook,76990000,17,0,0
Samsung Galaxy Z Fold3 5G,phone,Samsung,27990000,33,36,4
MacBook Pro 14 M1 Max 2021/24-core GPU,laptop,MacBook,60290000,16,0,0
Xiaomi Redmi Note 11S series,phone,Xiaomi,6090000,6,64,4
Dell Gaming Alienware m15 R6 i7 11800H (P109F001DBL),laptop,Dell,59990000,0,0,0
iPhone 14 Pro Max,phone,iPhone,34490000,0,124,5
Dell XPS 13 Plus 9320 i7 1260P (5CG56),laptop,Dell,59990000,0,0,0
iPhone 13 Pro Max 1TB,phone,iPhone,36990000,18,25,5
Dell Gaming Alienware m15 R6 i7 11800H (70272633),laptop,Dell,59490000,10,0,0
Vivo Y15 series,phone,Vivo,3090000,11,67,3
MacBook Pro 16 inch M1 Pro 2021,laptop,MacBook,57490000,20,2,4
OPPO Reno8 series,phone,OPPO,13990000,0,98,4
MacBook Pro 16 M1 Pro 2021/16 core-GPU,laptop,MacBook,53490000,20,1,5
Samsung Galaxy A23,phone,Samsung,5090000,10,106,4
OPPO A55,phone,OPPO,4490000,0,211,4
MacBook Pro 14 M1 Pro 2021/16-core GPU,laptop,MacBook,52490000,21,2,4
Samsung Galaxy Z Fold4 5G,phone,Samsung,37990000,7,41,5
Asus Zenbook Pro 14 Duo OLED UX8402ZE i7 12700H (M3044W),laptop,Asus,51060000,10,0,0
iPhone 14 Pro,phone,iPhone,30590000,1,77,5
LG gram 2022 i7 1260P (17Z90Q-G.AH78A5),laptop,LG,49790000,0,0,0
OPPO Find X5 Pro 5G,phone,OPPO,29990000,9,5,3
LG gram 2022 i7 1260P (17Z90Q-G.AH76A5),laptop,LG,47790000,0,0,0
iPhone 13 Pro,phone,iPhone,29490000,24,7,5
LG gram 2022 i7 1260P (16Z90Q-G.AH78A5),laptop,LG,47790000,0,0,0
iPhone 14 Plus,phone,iPhone,25990000,7,8,5
Asus Gaming ROG Flow Z13 GZ301Z i7 12700H (LD110W),laptop,Asus,47190000,10,2,5
Samsung Galaxy S22+ 5G,phone,Samsung,20990000,19,41,4
Dell XPS 13 9320 i5 1240P (70295789),laptop,Dell,46990000,0,0,0
iPhone 14,phone,iPhone,22990000,8,20,5
Asus ROG Strix SCAR 15 G533ZM i7 12700H (LN2210W),laptop,Asus,46790000,13,0,0
Samsung Galaxy S22+ 5G,phone,Samsung,20990000,19,41,4
LG gram 2022 i7 1260P (16Z90Q-G.AH76A5),laptop,LG,45790000,0,0,0
Samsung Galaxy Z Flip4 5G,phone,Samsung,20990000,12,42,4
Asus ROG Strix Gaming G513RM R7 6800H (HQ055W),laptop,Asus,42190000,12,0,0
iPhone 13,phone,iPhone,19990000,20,271,4
MacBook Air M2 2022 10-core GPU,laptop,MacBook,42190000,10,1,5
Vivo X80,phone,Vivo,18390000,8,5,5
MacBook Pro M2 2022,laptop,MacBook,41590000,9,5,5
iPhone 13 mini 128GB,phone,iPhone,17490000,20,59,4
MacBook Pro M1 2020,laptop,MacBook,38490000,15,29,5
Samsung Galaxy S22 5G,phone,Samsung,16990000,22,27,4
Xiaomi 12T Pro 5G,phone,Xiaomi,15990000,5,14,5
MacBook Pro M2 2022,laptop,MacBook,37990000,9,6,5
iPhone 12,phone,iPhone,15990000,20,224,4
Asus TUF Gaming FX517ZR i7 12650H (HN086W),laptop,Asus,37890000,11,0,0
Xiaomi 12 series,phone,Xiaomi,15490000,22,32,4
Dell XPS 13 9310 i5 1135G7 (70273578),laptop,Dell,37790000,10,3,4
Vivo V25 Pro 5G,phone,Vivo,13590000,0,2,4
OPPO Reno6 series,phone,OPPO,12990000,0,169,4
Asus TUF Gaming FX507ZM i7 12700H (HN123W),laptop,Asus,37090000,11,1,5
Samsung Galaxy S21 FE 5G,phone,Samsung,12490000,26,115,4
Asus Zenbook 14X OLED Space Edition UX5401ZAS i7 12700H (KN070W),laptop,Asus,36490000,8,0,0
Xiaomi 11T Pro 5G,phone,Xiaomi,12390000,11,11,4
MacBook Air M2 2022 10-core GPU,laptop,MacBook,36190000,9,1,5
Xiaomi 12T,phone,Xiaomi,11490000,8,18,5
MacBook Air M2 2022 8-core GPU,laptop,MacBook,35390000,9,0,0
Samsung Galaxy M53,phone,Samsung,10990000,12,69,4
Lenovo Yoga Slim 7 Carbon 13ITL5 i7 1165G7 (82EV00AWVN),laptop,Lenovo,34190000,0,1,4
iPhone SE (2022) series,phone,iPhone,10990000,18,9,5
Lenovo Yoga 7 14IAL7 i7 1260P (82QE000QVN),laptop,Lenovo,33190000,0,2,5
Samsung Galaxy A73 5G Awesome Edition,phone,Samsung,10890000,14,33,4
MacBook Air M1 2020 8-core GPU,laptop,MacBook,32990000,16,8,5
Samsung Galaxy A73 5G,phone,Samsung,10590000,11,196,4
Acer Nitro 5 Gaming AN515 45 R86D R7 5800H (NH.QBCSV.005),laptop,Acer,32490000,0,6,4
OPPO Reno8 series,phone,OPPO,8990000,0,89,4
HP Envy X360 13 bf0090TU i7 1250U (76B13PA),laptop,HP,32390000,0,2,5
Samsung Galaxy A53 5G,phone,Samsung,8390000,16,237,3
Acer Nitro 5 Tiger AN515 58 773Y i7 12700H (NH.QFKSV.001),laptop,Acer,31990000,0,15,5
Xiaomi 11T,phone,Xiaomi,8190000,25,207,4
MacBook Pro M2 2022 10-core GPU,laptop,MacBook,31590000,12,13,4
Xiaomi 11 Lite 5G NE,phone,Xiaomi,8190000,13,244,4
MacBook Pro M1 2020,laptop,MacBook,31390000,21,2,5
Vivo V25 series,phone,Vivo,10090000,3,3,5
Samsung Galaxy M33 5G,phone,Samsung,7690000,0,88,4
Asus Vivobook Pro 15 OLED K6502Z i7 12650H (MA036W),laptop,Asus,31190000,8,1,4
Vivo V23 series,phone,Vivo,11790000,9,37,4
Asus Zenbook 14X OLED Space Edition UX5401ZAS i5 12500H (KN130W),laptop,Asus,30990000,8,0,0
Realme 8 series,phone,Realme,7290000,0,100,4
Surface Pro 8 i5 1135G7,laptop,Surface,30890000,0,2,4
Xiaomi Redmi Note 11 Pro Series,phone,Xiaomi,8590000,4,100,3
Intel NUC M15 Kit i7 1165G7 (BBC710BCUXBC1),laptop,Intel,30690000,8,4,2
Xiaomi Redmi Note 10 Pro,phone,Xiaomi,7090000,5,406,3
Lenovo Legion 5 15IAH7 i5 12500H (82RC003WVN),laptop,Lenovo,30690000,13,0,0
Vivo Y35,phone,Vivo,6690000,4,19,4
Lenovo Ideapad Gaming 3 15IAH7 i7 12700H (82S9007UVN),laptop,Lenovo,30490000,0,0,0
Samsung Galaxy A33 5G,phone,Samsung,6690000,8,155,4
Lenovo Yoga 7 14IAL7 i5 1240P (82QE000RVN),laptop,Lenovo,30190000,0,3,4
OPPO A96,phone,OPPO,6490000,7,65,4
Asus Zenbook 14 OLED UX3402ZA i7 1260P (KM221W),laptop,Asus,30190000,5,7,4
Vivo Y55,phone,Vivo,6390000,8,48,4
Lenovo Yoga Slim 7 Pro 14IHU5 i7 11370H (82NH00ALVN),laptop,Lenovo,30190000,0,0,0
OPPO A77s,phone,OPPO,6290000,0,54,4
Asus TUF Gaming FX517ZM i7 12650H (HN480W),laptop,Asus,29890000,12,0,0
Realme 9 series,phone,Realme,8290000,17,9,4
Asus TUF Gaming FX507ZE i7 12700H (HN093W),laptop,Asus,29190000,12,1,5
Samsung Galaxy A23 5G,phone,Samsung,6490000,7,14,4
Asus TUF Gaming FX506HM i7 11800H (HN366W),laptop,Asus,29190000,8,6,5
Vivo Y33s,phone,Vivo,6090000,8,56,4
HP Envy X360 13 bf0095TU i5 1230U (76B15PA),laptop,HP,29090000,0,0,0
Vivo T1 series,phone,Vivo,6090000,6,22,4
Acer Nitro 5 Gaming AN515 57 720A i7 11800H (NH.QEQSV.004),laptop,Acer,28990000,0,19,4
OPPO A95,phone,OPPO,5990000,7,175,4
Asus Vivobook Pro 15 OLED K6502Z i5 12450H (MA025W),laptop,Asus,28930000,6,0,0
Samsung Galaxy A22,phone,Samsung,5890000,0,233,3
Xiaomi Redmi Note 10S,phone,Xiaomi,5690000,5,60,4
Asus TUF Gaming FX507ZC i7 12700H (HN124W),laptop,Asus,28590000,12,16,5
OPPO A76,phone,OPPO,5490000,8,86,4
Dell Inspiron 16 5620 i5 1240P (N6I5003W1),laptop,Dell,28490000,0,6,4
Xiaomi Redmi Note 10 5G 8GB,phone,Xiaomi,5390000,10,196,4
Dell Gaming G15 5515 R7 5800H (70266674),laptop,Dell,28390000,5,6,4
Vivo Y22s,phone,Vivo,5690000,5,48,4
Lenovo Yoga Slim 7 Carbon 13ITL5 i5 1135G7 (82EV00AVVN),laptop,Lenovo,28190000,0,2,5
Realme 9,phone,Realme,5040000,24,78,4
Lenovo Gaming Legion 5 15ACH6 R7 5800H (82JW00KMVN),laptop,Lenovo,28190000,11,25,4
Vivo Y21 series,phone,Vivo,4590000,8,73,4
Intel NUC M15 Kit i5 1135G7 (BBC510EAUXBC1),laptop,Intel,28090000,9,2,4
OPPO A54,phone,OPPO,4490000,0,268,4
Dell Vostro 5620 i7 1260P (P117F001AGR),laptop,Dell,27990000,0,0,0
TCL 30+,phone,TCL,4490000,4,0,0
Acer Nitro 5 Tiger AN515 58 52SP i5 12500H (NH.QFHSV.001),laptop,Acer,27990000,0,15,4
OPPO A57,phone,OPPO,4490000,0,71,4
Lenovo Ideapad Gaming 3 15ARH7 R5 6600H (82SB007LVN),laptop,Lenovo,27990000,0,1,4
OPPO A17,phone,OPPO,3990000,0,17,5
MacBook Air M1 2020 7-core GPU,laptop,MacBook,27290000,18,34,4
Xiaomi Redmi 10 series,phone,Xiaomi,3990000,6,82,4
Asus ROG Strix Gaming G513R R7 6800H (HN038W),laptop,Asus,27190000,9,15,4
Realme 9i,phone,Realme,3990000,27,18,4
Nokia G21,phone,Nokia,3890000,9,60,4
Asus ZenBook UX425E i7 1165G7 (KI843W),laptop,Asus,27190000,6,6,4
Vivo Y16,phone,Vivo,3990000,0,30,4
HP EliteBook 630 G9 i7 1255U (6M146PA),laptop,HP,26790000,0,1,5
TCL 30 SE,phone,TCL,3690000,5,0,0
Asus TUF Gaming FX517ZE i5 12450H (HN045W),laptop,Asus,25690000,14,8,5
Samsung Galaxy A04s,phone,Samsung,3690000,7,169,4
Dell Vostro 5620 i5 1240P (70296963),laptop,Dell,25490000,0,3,5
OPPO A16,phone,OPPO,3490000,12,61,4
HP Pavilion X360 14 ek0055TU i7 1255U (6L293PA),laptop,HP,25390000,0,12,4
Xiaomi Redmi 10C,phone,Xiaomi,3490000,0,112,4
Surface Pro 7 i5 1035G4,laptop,Surface,25390000,0,2,5
OPPO A15s,phone,OPPO,3490000,18,82,3
Lenovo Ideapad 5 Pro 14IAP7 i7 1260P (82SH002SVN),laptop,Lenovo,25330000,9,3,4
Realme C33,phone,Realme,3290000,5,13,4
LG gram 2022 i3 1220P (14Z90Q-G.AJ32A5),laptop,LG,25190000,0,0,0
Vivo Y02s,phone,Vivo,3290000,5,36,4
Asus TUF Gaming FA507RC R7 6800H (HN051W),laptop,Asus,25190000,11,9,5
Nokia G11,phone,Nokia,3290000,15,62,4
Lenovo Gaming Legion 5 15ACH6 R5 5600H (82JW00KLVN),laptop,Lenovo,25190000,13,23,5
Xiaomi Redmi 9C,phone,Xiaomi,3290000,5,63,4
Acer Nitro 5 Gaming AN515 57 553E i5 11400H (NH.QENSV.006),laptop,Acer,24990000,0,55,4
POCO C40,phone,POCO,3190000,8,235,4
Dell Vostro 5620 i5 1240P (70282719),laptop,Dell,24990000,0,6,4
Samsung Galaxy A03s,phone,Samsung,3190000,13,171,4
Asus Zenbook 14 OLED UX3402ZA i5 1240P (KM220W),laptop,Asus,24930000,7,12,4
Realme C25Y,phone,Realme,3190000,31,33,4
Asus ExpertBook B5402CB i5 1240P (KI0353W),laptop,Asus,24640000,8,0,0
OPPO A17K,phone,OPPO,3090000,6,18,4
Dell Inspiron 16 5620 i5 1240P (i5P165W11SLU),laptop,Dell,24490000,0,0,0
OPPO A16K,phone,OPPO,2990000,9,113,4
HP Pavilion 15 eg2034TX i7 1255U (6K780PA),laptop,HP,23990000,0,5,4
Realme C11 series,phone,Realme,2990000,0,47,4
Acer Swift 3 SF314 512 56QN i5 1240P (NX.K0FSV.002),laptop,Acer,23990000,0,6,4
Nokia G10,phone,Nokia,2890000,21,18,3
HP Envy x360 Convert 13 ay1056AU R7 5800U (601Q8PA),laptop,HP,23890000,21,3,5
Vivo Y01,phone,Vivo,2790000,6,90,4
HP Pavilion 15 eg2066TU i7 1260P (6K7E2PA),laptop,HP,23590000,0,4,4
Vivo Y02,phone,Vivo,2790000,0,0,0
Dell Vostro 3400 i7 1165G7 (V4I7015W1),laptop,Dell,23590000,6,14,4
Nokia G11 Plus,phone,Nokia,2690000,20,25,4
Samsung Galaxy A04,phone,Samsung,2690000,10,31,4
Lenovo Yoga Slim 7 Pro 14IHU5 i5 11300H (82NH00AMVN),laptop,Lenovo,23190000,14,6,4
Xiaomi Redmi 10A,phone,Xiaomi,2490000,13,27,3
Surface Pro 7 Plus i5 1135G7 (28B-00001),laptop,Surface,22890000,0,4,4
Samsung Galaxy A03,phone,Samsung,2490000,16,177,4
Lenovo Ideapad 5 Pro 14IAP7 i5 1240P (82SH000SVN),laptop,Lenovo,22590000,9,2,4
Nokia C31 series,phone,Nokia,2490000,21,4,4
Acer Nitro 5 Gaming AN515 45 R6EV R5 5600H (NH.QBMSV.006),laptop,Acer,22490000,0,106,4
Realme C30s,phone,Realme,2490000,0,25,4
Dell Inspiron 15 5515 R7 5700U (N5R75700U104W1),laptop,Dell,22490000,0,4,3
Nokia C30,phone,Nokia,2450000,28,57,4
Asus Vivobook 15 X1502ZA i7 1260P (EJ582W),laptop,Asus,22430000,6,8,5
Nokia C21 Plus,phone,Nokia,2390000,20,17,4
Acer Aspire 7 Gaming A715 75G 58U4 i5 10300H (NH.Q97SV.004),laptop,Acer,21990000,0,30,4
Itel L6502,phone,Itel,2290000,0,41,4
Dell Inspiron 14 5420 i5 1235U (P157G001ASL),laptop,Dell,21990000,0,6,4
Itel L6502,phone,Itel,2290000,0,41,4
Asus TUF Gaming FX506HC i5 11400H (HN144W),laptop,Asus,21990000,15,30,4
Realme C21-Y,phone,Realme,2290000,37,49,4
Acer Aspire 7 Gaming A715 43G R8GA R5 5625U (NH.QHDSV.002),laptop,Acer,21990000,0,8,4
Xiaomi Redmi A1,phone,Xiaomi,2190000,0,35,4
Lenovo ThinkBook 14 G3 ACL R7 5700U (21A200CSVN),laptop,Lenovo,21890000,0,9,5
TCL 305,phone,TCL,2090000,4,0,0
Surface Laptop Go i5 1035G1 (THJ-00001),laptop,Surface,21090000,0,2,5
Itel L6006,phone,Itel,1990000,0,38,4
Acer Swift 3 SF314 511 55QE i5 1135G7 (NX.ABNSV.003),laptop,Acer,20990000,8,8,5
Nokia 5710,phone,Nokia,1790000,0,6,3
Nokia C20,phone,Nokia,1790000,28,54,4
Dell Inspiron 14 5415 R7 5700U (TX4H61),laptop,Dell,20990000,12,4,5
Nokia 8210 4G,phone,Nokia,1590000,0,70,4
HP Pavilion X360 14 ek0056TU i5 1235U (6L294PA),laptop,HP,20690000,0,12,5
Nokia 215 4G,phone,Nokia,990000,0,170,3
Asus ZenBook UX325EA i5 1135G7 (KG656W),laptop,Asus,20630000,8,18,5
Nokia 110 4G,phone,Nokia,870000,0,84,4
HP Probook 450 G9 i5 1235U (6M0Y9PA),laptop,HP,20590000,0,5,4
Masstel Lux 20 4G,phone,Masstel,850000,0,33,4
HP Elitebook 630 G9 i5 1235U (6M143PA),laptop,HP,20290000,8,6,4
Nokia 105 4G,phone,Nokia,820000,0,132,4
Mobell Rock 4,phone,Mobell,810000,0,0,0
Asus ZenBook UX425EA i5 1135G7 (KI839W),laptop,Asus,20130000,10,22,5
Masstel FAMI 60 4G,phone,Masstel,800000,0,71,4
Asus Vivobook 14X OLED A1403ZA i5 12500H (KM065W),laptop,Asus,20090000,6,16,5
Masstel Lux 10 4G,phone,Masstel,750000,0,0,0
Mobell M539,phone,Mobell,730000,0,16,4
Lenovo IdeaPad 5 Pro 16IHU6 i5 11300H (82L9004XVN),laptop,Lenovo,20090000,28,3,4
Masstel IZI 55 4G,phone,Masstel,700000,0,21,4
HP Pavilion 15 eg2036TX i5 1235U (6K782PA),laptop,HP,20090000,0,3,4
Masstel FAMI 12 4G,phone,Masstel,700000,0,27,4
Acer Aspire 3 A315 58 787C i7 1165G7 (NX.ADDSV.00J),laptop,Acer,19990000,0,6,4
Itel it9210 4G,phone,Itel,680000,0,70,4
Dell Inspiron 15 3511 i5 1135G7 (70270650),laptop,Dell,19990000,0,28,4
Masstel IZI 26 4G,phone,Masstel,630000,0,0,0
Asus Vivobook S 14 Flip TP3402ZA i5 12500H (LZ159W),laptop,Asus,19790000,7,2,4
Masstel IZI 20 4G,phone,Masstel,580000,0,25,4
Itel it9010 4G,phone,Itel,580000,0,28,4
Lenovo Ideapad 5 Pro 14ITL6 i5 1155G7 (82L300M9VN),laptop,Lenovo,19590000,14,4,4
Masstel IZI 10 4G,phone,Masstel,530000,0,82,4
HP Pavilion 15 eg2035TX i5 1235U (6K781PA),laptop,HP,19590000,0,13,4
Mobell M239,phone,Mobell,500000,0,41,4
Lenovo ThinkBook 14s G2 ITL i7 1165G7 (20VA003RVN),laptop,Lenovo,19290000,27,6,4
HP 15s fq5077TU i7 1255U (6K797PA),laptop,HP,19190000,5,19,4
Lenovo ThinkBook 14 G2 ITL i7 1165G7 (20VD003LVN),laptop,Lenovo,19090000,19,6,4
Dell Inspiron 15 3520 i5 1235U (i5U085W11BLU),laptop,Dell,18990000,0,0,0
Dell Inspiron 15 3520 i5 1235U (N5I5122W1),laptop,Dell,18590000,0,2,4
Dell Vostro 3400 i5 1135G7 (YX51W6),laptop,Dell,18590000,0,19,4
Lenovo ThinkBook 14s G2 ITL i5 1135G7 (20VA003NVN),laptop,Lenovo,18290000,24,4,5
Dell Vostro 3400 i5 1135G7 (70270645),laptop,Dell,18290000,0,8,4
Asus VivoBook A515EA OLED i5 1135G7 (L12032W),laptop,Asus,18090000,0,44,4
Lenovo ThinkBook 14s G2 ITL i5 1135G7 (20VA000NVN),laptop,Lenovo,17990000,24,11,3
HP Pavilion 14 dv2033TU i5 1235U (6K769PA),laptop,HP,17990000,5,19,4
Acer Aspire 7 Gaming A715 42G R05G R5 5500U (NH.QAYSV.007),laptop,Acer,17990000,12,26,4
Lenovo ThinkBook 15 G2 ITL i5 1135G7 (20VE00UNVN),laptop,Lenovo,17890000,16,15,4
Lenovo IdeaPad Gaming 3 15IHU6 i5 11300H (82K10178VN),laptop,Lenovo,17690000,15,36,4
Lenovo Ideapad 5 14IAL7 i5 1235U (82SD0060VN),laptop,Lenovo,17590000,7,8,3
Asus Vivobook 14 X1402ZA i5 1240P (EK083W),laptop,Asus,17590000,0,3,4
HP Pavilion 15 eg2059TU i5 1240P (6K789PA),laptop,HP,17490000,0,9,4
Asus VivoBook S433EA i5 1135G7 (AM2307W),laptop,Asus,17130000,7,8,4
Dell Inspiron 15 3511 i5 1135G7 (P112F001DBL),laptop,Dell,16990000,0,7,3
HP 240 G9 i5 1235U (6L1Y1PA),laptop,HP,16490000,6,11,4
Asus VivoBook X515EA i7 1165G7 (EJ1918W),laptop,Asus,17130000,7,24,4
HP Pavilion X360 14 ek0059TU i3 1215U (6K7E1PA),laptop,HP,16190000,0,4,4
Asus VivoBook 15X OLED A1503ZA i3 1220P (L1152W),laptop,Asus,16190000,0,9,5
Lenovo Ideapad 3 15IAU7 i5 1235U (82RK001PVN),laptop,Lenovo,16090000,10,5,4
Asus VivoBook X515EP i5 1135G7 (BQ400W),laptop,Asus,16090000,8,6,4
Surface Laptop Go i5 1035G1,laptop,Surface,15990000,8,8,4
Dell Vostro 3405 R5 3500U (V4R53500U003W1),laptop,Dell,15990000,11,15,4
Acer Aspire 3 A315 57G 573F i5 1035G1 (NX.HZRSV.00B),laptop,Acer,15990000,5,9,3
Surface Laptop Go i5 1035G1,laptop,Surface,15990000,8,8,4
Acer Aspire A514 54 5127 i5 1135G7 (NX.A28SV.007),laptop,Acer,15490000,16,10,4
Asus VivoBook X415EA i5 1135G7 (EB637W),laptop,Asus,15390000,0,40,4
Asus Vivobook 14X A1403ZA i3 1220P (LY143W),laptop,Asus,15190000,5,9,4
HP Pavilion 15 eg2062TU i3 1215U (6K790PA),laptop,HP,14590000,0,14,4
HP Pavilion X360 14 dy0171TU i3 1125G4 (4Y1D6PA),laptop,HP,14490000,18,15,4
Lenovo IdeaPad 3 14ITL6 i5 1135G7 (82H700WAVN),laptop,Lenovo,14490000,19,16,4
Acer Aspire 3 A315 58 358E i3 1115G4 (NX.ADDSV.00F),laptop,Acer,13990000,0,10,4
Lenovo Ideapad 3 15ITL6 i5 1135G7 (82H801P9VN),laptop,Lenovo,13790000,16,36,4
Asus Vivobook 14 X1402ZA i3 1220P (EK249W),laptop,Asus,13690000,0,7,5
HP 340s G7 i3 1005G1 (224L1PA),laptop,HP,13690000,0,16,3
HP Pavilion X360 14 dy0161TU i3 1125G4 (4Y1D2PA),laptop,HP,13490000,19,16,4
Lenovo Ideapad 3 15IAU7 i3 1215U (82RK001MVN),laptop,Lenovo,13290000,9,12,4
HP Pavilion 15 eg0541TU i3 1125G4 (4P5G8PA),laptop,HP,13170000,16,16,4
HP Pavilion X360 14 dy0172TU i3 1125G4 (4Y1D7PA),laptop,HP,12990000,18,13,4
Asus VivoBook A415EA i3 1115G4 (AM2428W),laptop,Asus,12990000,5,27,4
Dell Vostro 3400 i3 1115G4 (70270644),laptop,Dell,12690000,0,19,4
Acer Aspire 3 A315 58 382Z i3 1115G4 (NX.ADDSV.00K),laptop,Acer,12690000,0,9,4
Dell Inspiron 15 3511 i3 1115G4 (P112F001EBL),laptop,Dell,12390000,0,35,4
Dell Vostro 3510 i3 1115G4 (V5I3305W),laptop,Dell,12390000,0,55,4
HP Pavilion 15 eg0542TU i3 1125G4 (4P5G9PA),laptop,HP,12270000,17,25,4
HP 240 G8 i3 1115G4 (6L1A1PA),laptop,HP,12190000,10,12,4
HP Pavilion 14 dv0520TU i3 1125G4 (46L92PA),laptop,HP,11970000,17,7,5
CHUWI CoreBook X i5 8259U,laptop,CHUWI,11690000,24,6,5
HP 14s fq1066AU R5 5500U (4K0Z6PA),laptop,HP,11330000,12,23,4
Asus VivoBook X515EA i3 1115G4 (BR2046W),laptop,Asus,11190000,0,28,4
Asus VivoBook X415EA i3 1115G4 (EB638W),laptop,Asus,10990000,0,11,4
Asus BR1100FKA N6000 (BP0660T),laptop,Asus,10490000,0,10,4
Acer Aspire 3 A314 35 P6NC N6000 (NX.A7SSV.006),laptop,Acer,0,0,12,4
HP 240 G8 i3 1005G1 (519A5PA),laptop,HP,9590000,26,10,4
CHUWI LarkBook X N5100,laptop,CHUWI,9590000,25,3,4
CHUWI GemiBook J4125,laptop,CHUWI,9490000,5,4,4
Acer Aspire A315 57G 32QP i3 1005G1 (NX.HZRSV.00A),laptop,Acer,9490000,29,7,5
Asus VivoBook X515KA N6000 (BR109W),laptop,Asus,9090000,0,7,5
HP 245 G8 R3 5300U (63T27PA),laptop,HP,9090000,28,45,4
Acer Aspire 3 A315 57 379K i3 1005G1 (NX.KAGSV.001),laptop,Acer,8990000,25,9,4
HP 14s fq1080AU R3 5300U (4K0Z7PA),laptop,HP,8990000,28,12,4
HP 240 G8 i3 1005G1 (519A8PA),laptop,HP,8790000,36,16,4
Asus ExpertBook P2451F i3 10110U (BV3136T),laptop,Asus,9090000,9,22,4
CHUWI HeroBook Pro N4020,laptop,CHUWI,8090000,5,8,4
Asus VivoBook X515MA N4020 (BR480W),laptop,Asus,7690000,0,30,4
HP 240 G8 N5030 (604K1PA),laptop,HP,7490000,31,6,4
itel SPIRIT 1 i3 8109U (71006300035),laptop,itel,7090000,19,14,4
Asus Vivobook X415MA N4020 (BV702W),laptop,Asus,6990000,10,14,4
Asus BR1100FKA N6000 (BP1009W),laptop,Asus,5690000,5,13,4
Acer TravelMate B3 TMB311 31 P49D N5030 (NX.VNFSV.005),laptop,Acer,4990000,54,66,4
